sequence_1_based,filename,absolute_source_path,working_distance_mm,normalized_variance,squared_gradient,brenner,brenner_squared,laplacian_variance,tenengrad,entropy,autocorrelation,wavelet1,wavelet2,rank_consensus
1,pollen.spd3.0001.png,/Users/kobe/workspace/ARMAC/M1/computer_vision/Documents for autofocusing app/pollen.spd3/pollen.spd3.0001.png,10.26,12.413676119176001,612.0073912003096,26.225868140492498,1119.5679261965915,38442.857474255456,15374.544092814127,7.199785541962569,270.9648896159491,47.85137176513672,495.15499336161884,0.348989898989899
2,pollen.spd3.0002.png,/Users/kobe/workspace/ARMAC/M1/computer_vision/Documents for autofocusing app/pollen.spd3/pollen.spd3.0002.png,10.265,12.461819137439974,613.6916086265885,26.22715366112198,1119.5493619536855,38489.410888393664,15331.133089701334,7.202274666237704,269.73179631441616,47.88732147216797,497.6783938573272,0.38030303030303036
3,pollen.spd3.0003.png,/Users/kobe/workspace/ARMAC/M1/computer_vision/Documents for autofocusing app/pollen.spd3/pollen.spd3.0003.png,10.270000000000001,12.441889645128889,611.8093103413164,26.198740979696673,1116.8641208516797,38378.6521135046,15342.73178100586,7.200820125820956,269.30527738706786,47.77311706542969,495.4476485752449,0.2681818181818182
4,pollen.spd3.0004.png,/Users/kobe/workspace/ARMAC/M1/computer_vision/Documents for autofocusing app/pollen.spd3/pollen.spd3.0004.png,10.275000000000002,12.463063785505696,613.4334779244053,26.243206743313763,1120.7467766430202,38449.64709677888,15404.64348602295,7.2019987743751015,270.4959548780985,47.87890625,497.7113770913436,0.4212121212121212
5,pollen.spd3.0005.png,/Users/kobe/workspace/ARMAC/M1/computer_vision/Documents for autofocusing app/pollen.spd3/pollen.spd3.0005.png,10.280000000000003,12.510973894487886,610.9688887361518,26.18158201850946,1116.7272135416667,38391.69011086721,15387.899370829264,7.203957897737353,269.5394307016471,47.713923136393234,495.2406460116876,0.24242424242424243
6,pollen.spd3.0006.png,/Users/kobe/workspace/ARMAC/M1/computer_vision/Documents for autofocusing app/pollen.spd3/pollen.spd3.0006.png,10.285000000000004,12.497079909400517,611.7427042603454,26.22254031107306,1118.718990796233,38384.582912327554,15360.89461517334,7.203385985420524,270.39976506441616,47.768310546875,495.3359692206399,0.3186868686868687
7,pollen.spd3.0007.png,/Users/kobe/workspace/ARMAC/M1/computer_vision/Documents for autofocusing app/pollen.spd3/pollen.spd3.0007.png,10.290000000000004,12.52714626526893,611.587464870479,26.20294026214938,1117.450779466324,38398.40573447943,15377.713775634766,7.205403006484021,269.9322559931507,47.789126078287765,495.4634170317828,0.3075757575757576
8,pollen.spd3.0008.png,/Users/kobe/workspace/ARMAC/M1/computer_vision/Documents for autofocusing app/pollen.spd3/pollen.spd3.0008.png,10.295000000000005,12.505791069485262,612.2797684506354,26.210875071347033,1118.293497482469,38449.64728076367,15338.184125264486,7.204532558113094,269.9033859262883,47.820332845052086,494.9689173212068,0.3191919191919192
9,pollen.spd3.0009.png,/Users/kobe/workspace/ARMAC/M1/computer_vision/Documents for autofocusing app/pollen.spd3/pollen.spd3.0009.png,10.300000000000006,12.489048475246696,610.8814645955523,26.22467307770711,1117.0667693554306,38384.032520530025,15373.555379231771,7.203625895943156,269.79224253913895,47.742373148600265,493.8074268648828,0.2702020202020202
10,pollen.spd3.0010.png,/Users/kobe/workspace/ARMAC/M1/computer_vision/Documents for autofocusing app/pollen.spd3/pollen.spd3.0010.png,10.305000000000007,12.638352516963943,612.0743180290812,26.20306639350946,1120.0139712777234,38305.70489586494,15405.53786722819,7.211888903172769,271.15061231042074,47.76035817464193,497.18639637036375,0.34898989898989896
11,pollen.spd3.0011.png,/Users/kobe/workspace/ARMAC/M1/computer_vision/Documents for autofocusing app/pollen.spd3/pollen.spd3.0011.png,10.310000000000008,12.579155610931222,611.7273414589442,26.20018448303979,1116.5953655006524,38328.28498053178,15353.954600016275,7.208796233838747,269.6559748043053,47.74589284261067,495.01392488360744,0.25606060606060604
12,pollen.spd3.0012.png,/Users/kobe/workspace/ARMAC/M1/computer_vision/Documents for autofocusing app/pollen.spd3/pollen.spd3.0012.png,10.315000000000008,12.560527536819762,611.2025942387586,26.193639666911285,1115.1830318921234,38271.26703701207,15360.804163614908,7.2076655627532435,268.9271470360404,47.698282877604164,494.4990212124669,0.18686868686868685
13,pollen.spd3.0013.png,/Users/kobe/workspace/ARMAC/M1/computer_vision/Documents for autofocusing app/pollen.spd3/pollen.spd3.0013.png,10.32000000000001,12.645684907493578,612.9502064495764,26.207167573793217,1118.4683359324038,38308.475008782145,15378.904340108236,7.2128865710697045,269.68506273442597,47.73427073160808,494.14448233464236,0.2878787878787879
14,pollen.spd3.0014.png,/Users/kobe/workspace/ARMAC/M1/computer_vision/Documents for autofocusing app/pollen.spd3/pollen.spd3.0014.png,10.32500000000001,12.666764088831059,610.7503436583578,26.186799270221787,1116.5727892612524,38339.7639704984,15413.724001566568,7.213226719179737,269.86941964285717,47.7033437093099,496.43461914875337,0.2585858585858586
15,pollen.spd3.0015.png,/Users/kobe/workspace/ARMAC/M1/computer_vision/Documents for autofocusing app/pollen.spd3/pollen.spd3.0015.png,10.33000000000001,12.727235550246368,613.1460980775497,26.25212002609263,1122.6978172904435,38469.071042496296,15433.02789815267,7.217332870606836,272.0789544092466,47.849110921223954,497.5814493682443,0.491919191919192
16,pollen.spd3.0016.png,/Users/kobe/workspace/ARMAC/M1/computer_vision/Documents for autofocusing app/pollen.spd3/pollen.spd3.0016.png,10.335000000000012,12.694569615374295,610.6266202855164,26.2088123776908,1118.255266939824,38448.04420325468,15429.721013387045,7.214740241373395,270.6299471522342,47.75278981526692,496.17911065787,0.34696969696969693
17,pollen.spd3.0017.png,/Users/kobe/workspace/ARMAC/M1/computer_vision/Documents for autofocusing app/pollen.spd3/pollen.spd3.0017.png,10.340000000000012,12.675994618752206,612.5292478718638,26.20859324037834,1119.6138036121984,38407.047779548906,15361.983436584473,7.214110536888579,270.4277993517613,47.855336507161454,498.0718009342026,0.3934343434343434
18,pollen.spd3.0018.png,/Users/kobe/workspace/ARMAC/M1/computer_vision/Documents for autofocusing app/pollen.spd3/pollen.spd3.0018.png,10.345000000000013,12.711209641908734,614.0245524804496,26.264539505870843,1122.3276637924005,38514.73263927153,15421.844843546549,7.216197100632552,271.28492564620024,47.92821756998698,498.416994083233,0.5060606060606061
19,pollen.spd3.0019.png,/Users/kobe/workspace/ARMAC/M1/computer_vision/Documents for autofocusing app/pollen.spd3/pollen.spd3.0019.png,10.350000000000014,12.731259824926495,611.2503372943141,26.167427276989564,1114.6594618904926,38392.88588687382,15340.974756876627,7.215407026041072,268.58707140818655,47.772082010904946,495.1255067254016,0.248989898989899
20,pollen.spd3.0020.png,/Users/kobe/workspace/ARMAC/M1/computer_vision/Documents for autofocusing app/pollen.spd3/pollen.spd3.0020.png,10.355000000000015,12.811444433501794,612.1287522401434,26.21870413405088,1119.6485215875734,38456.68341508864,15398.801317850748,7.222333656948408,270.6720380789302,47.812479654947914,496.255818013671,0.39999999999999997
21,pollen.spd3.0021.png,/Users/kobe/workspace/ARMAC/M1/computer_vision/Documents for autofocusing app/pollen.spd3/pollen.spd3.0021.png,10.360000000000015,12.8320342695706,611.0898004745031,26.192132460861057,1117.974340549576,38339.731265728675,15386.420552571615,7.2222605471292045,270.5097809136497,47.75311279296875,497.624354108185,0.3338383838383838
22,pollen.spd3.0022.png,/Users/kobe/workspace/ARMAC/M1/computer_vision/Documents for autofocusing app/pollen.spd3/pollen.spd3.0022.png,10.365000000000016,12.754590371605001,610.6828173366732,26.173092995759948,1115.7537610078277,38316.43677335605,15364.846374511719,7.217729595725286,269.33911499103067,47.7273686726888,497.1729967519964,0.24444444444444446
23,pollen.spd3.0023.png,/Users/kobe/workspace/ARMAC/M1/computer_vision/Documents for autofocusing app/pollen.spd3/pollen.spd3.0023.png,10.370000000000017,12.848172179827452,611.8663003523135,26.16933708414873,1116.2689783105022,38331.55145862542,15402.666903177897,7.223054384709562,269.1076333679876,47.745140075683594,497.360872926792,0.29393939393939394
24,pollen.spd3.0024.png,/Users/kobe/workspace/ARMAC/M1/computer_vision/Documents for autofocusing app/pollen.spd3/pollen.spd3.0024.png,10.375000000000018,12.81020370871293,610.9792239430597,26.197321683382256,1116.8280676675636,38331.76217766261,15405.965515136719,7.220884882991125,269.93648712695693,47.77908579508464,496.5849304507913,0.3181818181818182
25,pollen.spd3.0025.png,/Users/kobe/workspace/ARMAC/M1/computer_vision/Documents for autofocusing app/pollen.spd3/pollen.spd3.0025.png,10.380000000000019,12.896812051978804,613.1125837508146,26.249909542155905,1120.4478465936888,38527.96004592338,15416.194193522135,7.2259482511298625,270.82022968648073,47.86500549316406,497.23512407027494,0.47020202020202023
26,pollen.spd3.0026.png,/Users/kobe/workspace/ARMAC/M1/computer_vision/Documents for autofocusing app/pollen.spd3/pollen.spd3.0026.png,10.38500000000002,12.944467946974706,612.8852231997394,26.23536366601435,1122.4301716405741,38300.42908382972,15478.37050374349,7.227593729406527,271.81403778334965,47.692614237467446,498.44134960440635,0.44191919191919193
27,pollen.spd3.0027.png,/Users/kobe/workspace/ARMAC/M1/computer_vision/Documents for autofocusing app/pollen.spd3/pollen.spd3.0027.png,10.39000000000002,12.84463586697505,610.7359431003584,26.167172466161123,1113.5881275990705,38140.131759828575,15361.397028605143,7.222669450897592,268.6279277764188,47.71237436930338,494.8920675164619,0.1616161616161616
28,pollen.spd3.0028.png,/Users/kobe/workspace/ARMAC/M1/computer_vision/Documents for autofocusing app/pollen.spd3/pollen.spd3.0028.png,10.395000000000021,12.944311229598393,614.2909220735581,26.223033370026094,1121.62344055773,38438.34757409958,15422.320645650228,7.228255531725284,270.66767189538484,47.79238637288411,497.84189837667185,0.46818181818181814
29,pollen.spd3.0029.png,/Users/kobe/workspace/ARMAC/M1/computer_vision/Documents for autofocusing app/pollen.spd3/pollen.spd3.0029.png,10.400000000000022,12.960864819611919,611.8130243971978,26.205744455316374,1119.0308091772667,38239.162722116016,15425.281364440918,7.228577233888814,270.5559067698141,47.74209340413411,495.2912741983633,0.3297979797979798
30,pollen.spd3.0030.png,/Users/kobe/workspace/ARMAC/M1/computer_vision/Documents for autofocusing app/pollen.spd3/pollen.spd3.0030.png,10.405000000000022,13.03688075983318,613.1624562153796,26.224409348499673,1120.2559498328442,38315.605959270535,15460.474472045898,7.233212947513914,270.86810354492826,47.70441436767578,496.80919577795106,0.40202020202020206
31,pollen.spd3.0031.png,/Users/kobe/workspace/ARMAC/M1/computer_vision/Documents for autofocusing app/pollen.spd3/pollen.spd3.0031.png,10.410000000000023,12.967609027298606,609.3959071562398,26.159609680772995,1113.8224261558219,38209.678810222045,15357.636474609375,7.2289280107688345,269.3898070572407,47.731379191080734,496.22845083834704,0.2
32,pollen.spd3.0032.png,/Users/kobe/workspace/ARMAC/M1/computer_vision/Documents for autofocusing app/pollen.spd3/pollen.spd3.0032.png,10.415000000000024,13.000264865627198,612.863076327794,26.226240164302023,1120.2390928224886,38351.22330075238,15402.20418548584,7.229627602662228,270.3888438723092,47.78950754801432,497.7412217457378,0.4237373737373737
33,pollen.spd3.0033.png,/Users/kobe/workspace/ARMAC/M1/computer_vision/Documents for autofocusing app/pollen.spd3/pollen.spd3.0033.png,10.420000000000025,13.041715185322122,613.5982022849462,26.230932505707763,1122.3444583741032,38487.997785533305,15447.442909240723,7.233005544597891,271.2741522443738,47.88787587483724,498.2880574350776,0.5196969696969697
34,pollen.spd3.0034.png,/Users/kobe/workspace/ARMAC/M1/computer_vision/Documents for autofocusing app/pollen.spd3/pollen.spd3.0034.png,10.425000000000026,13.092361146221508,611.4121609237536,26.165675452544033,1116.991810379974,38356.4302894032,15414.365783691406,7.2354459918528535,269.83835183259947,47.704071044921875,496.61391716978204,0.3111111111111111
35,pollen.spd3.0035.png,/Users/kobe/workspace/ARMAC/M1/computer_vision/Documents for autofocusing app/pollen.spd3/pollen.spd3.0035.png,10.430000000000026,13.094257849125597,610.4895833333334,26.171474946999346,1116.9016302796804,38224.492408471335,15398.884646097818,7.235767347223309,270.34492850008155,47.70577494303385,496.2858593508653,0.26565656565656565
36,pollen.spd3.0036.png,/Users/kobe/workspace/ARMAC/M1/computer_vision/Documents for autofocusing app/pollen.spd3/pollen.spd3.0036.png,10.435000000000027,13.080704407015148,611.0098260834147,26.196615857387474,1118.7141035245434,38263.014503136175,15426.280370076498,7.234256334390455,270.71817412752773,47.683380126953125,496.9732957242781,0.32121212121212117
37,pollen.spd3.0037.png,/Users/kobe/workspace/ARMAC/M1/computer_vision/Documents for autofocusing app/pollen.spd3/pollen.spd3.0037.png,10.440000000000028,13.160995278993793,612.4504431920006,26.20631523157208,1120.9632868558383,38456.12771774828,15460.19181060791,7.239377769363622,271.09406596542726,47.73929341634115,496.5741709797488,0.4429292929292929
38,pollen.spd3.0038.png,/Users/kobe/workspace/ARMAC/M1/computer_vision/Documents for autofocusing app/pollen.spd3/pollen.spd3.0038.png,10.445000000000029,13.198010173915584,611.774179547491,26.179927022178735,1116.511861444064,38366.079209204756,15390.978360493978,7.240211124818295,269.4372617518754,47.73355356852213,498.72193348918034,0.352020202020202
39,pollen.spd3.0039.png,/Users/kobe/workspace/ARMAC/M1/computer_vision/Documents for autofocusing app/pollen.spd3/pollen.spd3.0039.png,10.45000000000003,13.177422856992381,613.6191947193711,26.23355960534899,1121.9008862320613,38259.619723537624,15466.878194173178,7.239027528593588,271.2182849702381,47.808372497558594,496.46673742162403,0.45707070707070707
40,pollen.spd3.0040.png,/Users/kobe/workspace/ARMAC/M1/computer_vision/Documents for autofocusing app/pollen.spd3/pollen.spd3.0040.png,10.45500000000003,13.219547757106582,613.5037166014988,26.233241091813436,1122.015732020548,38348.3452157878,15455.731651306152,7.241033478217309,271.22421569227004,47.724937438964844,499.3762216971372,0.48535353535353537
41,pollen.spd3.0041.png,/Users/kobe/workspace/ARMAC/M1/computer_vision/Documents for autofocusing app/pollen.spd3/pollen.spd3.0041.png,10.460000000000031,13.218506432540059,610.0016699250571,26.17274645303327,1116.273045091324,38147.60268920319,15408.623779296875,7.240363715957335,269.91688325587086,47.61961619059245,494.8954281766912,0.19949494949494953
42,pollen.spd3.0042.png,/Users/kobe/workspace/ARMAC/M1/computer_vision/Documents for autofocusing app/pollen.spd3/pollen.spd3.0042.png,10.465000000000032,13.292453400080113,612.5400171065494,26.23299519936399,1122.2798243334148,38344.83477357131,15433.9345703125,7.243703820033803,271.8983534124266,47.70916493733724,498.57735754516517,0.47474747474747475
43,pollen.spd3.0043.png,/Users/kobe/workspace/ARMAC/M1/computer_vision/Documents for autofocusing app/pollen.spd3/pollen.spd3.0043.png,10.470000000000033,13.309695705005005,610.252488341072,26.160084902968038,1117.0296064701565,38065.59480503449,15433.197385152182,7.2449010415281725,270.37918781596545,47.61500040690104,496.62104314094825,0.23535353535353534
44,pollen.spd3.0044.png,/Users/kobe/workspace/ARMAC/M1/computer_vision/Documents for autofocusing app/pollen.spd3/pollen.spd3.0044.png,10.475000000000033,13.388232167606752,612.5368210838221,26.207069471624266,1120.135653640737,38352.22178426353,15474.698422749838,7.249793039693612,270.81905500856163,47.760353088378906,498.0535339493524,0.4626262626262626
45,pollen.spd3.0045.png,/Users/kobe/workspace/ARMAC/M1/computer_vision/Documents for autofocusing app/pollen.spd3/pollen.spd3.0045.png,10.480000000000034,13.447930241205777,611.3044329382535,26.19055135967058,1118.2073612300228,38311.41270916396,15479.467750549316,7.252845620297756,270.62844504240053,47.677866617838546,498.1985441031866,0.3752525252525253
46,pollen.spd3.0046.png,/Users/kobe/workspace/ARMAC/M1/computer_vision/Documents for autofocusing app/pollen.spd3/pollen.spd3.0046.png,10.485000000000035,13.376600190943904,610.3251695381232,26.16229920906719,1117.2049367049901,38202.98877980466,15472.640739440918,7.248478424939358,270.13709714408026,47.66252899169922,495.90421335469654,0.26868686868686875
47,pollen.spd3.0047.png,/Users/kobe/workspace/ARMAC/M1/computer_vision/Documents for autofocusing app/pollen.spd3/pollen.spd3.0047.png,10.490000000000036,13.449579129944901,612.5597532787552,26.2408803204501,1121.960292828604,38205.24457003532,15463.476137797037,7.251853932377205,271.3278816556588,47.697845458984375,496.9455787435484,0.4237373737373738
48,pollen.spd3.0048.png,/Users/kobe/workspace/ARMAC/M1/computer_vision/Documents for autofocusing app/pollen.spd3/pollen.spd3.0048.png,10.495000000000037,13.51343215468778,612.2243109013523,26.216851659328114,1120.7421467302675,38339.195485042816,15509.724596659342,7.256186712877064,271.48472536488913,47.74243927001953,497.52902659564927,0.4702020202020202
49,pollen.spd3.0049.png,/Users/kobe/workspace/ARMAC/M1/computer_vision/Documents for autofocusing app/pollen.spd3/pollen.spd3.0049.png,10.500000000000037,13.479395483930396,610.6032680637015,26.187283410795825,1118.2185996616113,38189.97762294139,15481.73631032308,7.253833870660962,270.87800167155905,47.677266438802086,497.77645284392764,0.33636363636363636
50,pollen.spd3.0050.png,/Users/kobe/workspace/ARMAC/M1/computer_vision/Documents for autofocusing app/pollen.spd3/pollen.spd3.0050.png,10.505000000000038,13.52556275466995,613.3628408581785,26.226472042155905,1121.817166860323,38365.14997548599,15519.773315429688,7.255837264726841,271.02929560094583,47.75715891520183,499.95155409136913,0.5252525252525253
51,pollen.spd3.0051.png,/Users/kobe/workspace/ARMAC/M1/computer_vision/Documents for autofocusing app/pollen.spd3/pollen.spd3.0051.png,10.510000000000039,13.666615334426595,612.7660157522809,26.227921915769734,1122.7247979350132,38248.11849226793,15565.492823282877,7.264027606583319,271.7420753832355,47.747561136881515,499.1909234183129,0.5111111111111111
52,pollen.spd3.0052.png,/Users/kobe/workspace/ARMAC/M1/computer_vision/Documents for autofocusing app/pollen.spd3/pollen.spd3.0052.png,10.51500000000004,13.668256988976957,611.6802653551646,26.231768285225048,1122.846840855349,38363.32176272033,15538.202041625977,7.263406629999007,272.46508072407045,47.71273549397786,498.6304631846142,0.5095959595959596
53,pollen.spd3.0053.png,/Users/kobe/workspace/ARMAC/M1/computer_vision/Documents for autofocusing app/pollen.spd3/pollen.spd3.0053.png,10.52000000000004,13.693366980317188,612.4491691104595,26.20394549086758,1121.0256976720482,38272.06053737486,15519.698206583658,7.263715703846043,271.348749388454,47.676900227864586,498.7555676246993,0.4409090909090909
54,pollen.spd3.0054.png,/Users/kobe/workspace/ARMAC/M1/computer_vision/Documents for autofocusing app/pollen.spd3/pollen.spd3.0054.png,10.525000000000041,13.786179912556337,614.2641103576084,26.220306894161773,1124.2769080234834,38336.16559335649,15579.618489583334,7.269716572666937,271.97924438396933,47.815521240234375,500.15835297428487,0.5813131313131313
55,pollen.spd3.0055.png,/Users/kobe/workspace/ARMAC/M1/computer_vision/Documents for autofocusing app/pollen.spd3/pollen.spd3.0055.png,10.530000000000042,13.723785253395613,612.1215761445096,26.214379994292237,1120.8020400154926,38284.54887778302,15527.877772013346,7.265672656404719,271.5425126386171,47.729899088541664,497.6934105887906,0.46515151515151515
56,pollen.spd3.0056.png,/Users/kobe/workspace/ARMAC/M1/computer_vision/Documents for autofocusing app/pollen.spd3/pollen.spd3.0056.png,10.535000000000043,13.72318948696279,610.0532708638807,26.201208822570123,1120.2206024747227,38186.586028872356,15544.560315450033,7.265254691067819,271.63423816658513,47.687154134114586,496.2949683625354,0.36313131313131314
57,pollen.spd3.0057.png,/Users/kobe/workspace/ARMAC/M1/computer_vision/Documents for autofocusing app/pollen.spd3/pollen.spd3.0057.png,10.540000000000044,13.782081986035,610.5400883838383,26.180980664954337,1118.3295175411774,38198.75345878155,15561.16347249349,7.2673915382595595,271.08838750611545,47.64648946126302,497.2817732991599,0.34090909090909094
58,pollen.spd3.0058.png,/Users/kobe/workspace/ARMAC/M1/computer_vision/Documents for autofocusing app/pollen.spd3/pollen.spd3.0058.png,10.545000000000044,13.887108940510233,614.9480248554089,26.263241244699934,1127.2093436582682,38349.77870111538,15611.05704243978,7.2723754497063275,273.091770119863,47.83606974283854,501.40599116424306,0.6318181818181818
59,pollen.spd3.0059.png,/Users/kobe/workspace/ARMAC/M1/computer_vision/Documents for autofocusing app/pollen.spd3/pollen.spd3.0059.png,10.550000000000045,13.927960407001793,612.4582620560443,26.202569512394,1121.0323762638618,38283.48034353688,15569.123481750488,7.274425924655247,271.34298174535223,47.74562581380208,499.3859187643975,0.498989898989899
60,pollen.spd3.0060.png,/Users/kobe/workspace/ARMAC/M1/computer_vision/Documents for autofocusing app/pollen.spd3/pollen.spd3.0060.png,10.555000000000046,13.917450664769913,613.5851089015151,26.234730461105674,1123.8846993741845,38212.33356493147,15639.138796488443,7.2746839861715635,272.0388841324201,47.72590891520182,499.5151482403809,0.5323232323232323
61,pollen.spd3.0061.png,/Users/kobe/workspace/ARMAC/M1/computer_vision/Documents for autofocusing app/pollen.spd3/pollen.spd3.0061.png,10.560000000000047,13.976019664892416,610.0805738840013,26.202995046477493,1120.896860220972,38296.77472615225,15620.133750915527,7.2773490643424665,272.39352729533596,47.72063446044922,498.3261383267236,0.4621212121212121
62,pollen.spd3.0062.png,/Users/kobe/workspace/ARMAC/M1/computer_vision/Documents for autofocusing app/pollen.spd3/pollen.spd3.0062.png,10.565000000000047,14.093576441596861,612.7476363941838,26.243540545499023,1125.2872686317678,38221.82813706554,15682.070828755697,7.282439725269441,273.2229505565069,47.71136474609375,499.6524128612235,0.5393939393939394
63,pollen.spd3.0063.png,/Users/kobe/workspace/ARMAC/M1/computer_vision/Documents for autofocusing app/pollen.spd3/pollen.spd3.0063.png,10.570000000000048,14.159838251302158,614.213373655914,26.236405842302673,1125.9414266348663,38272.2726134395,15691.998303731283,7.286080368715718,272.9386886925147,47.73143005371094,500.9647759631431,0.5858585858585859
64,pollen.spd3.0064.png,/Users/kobe/workspace/ARMAC/M1/computer_vision/Documents for autofocusing app/pollen.spd3/pollen.spd3.0064.png,10.575000000000049,14.133648403348955,613.0326119053437,26.196182678979127,1122.2298024196837,38123.59906201799,15659.095011393229,7.28443787475516,271.6881828930202,47.698865254720054,499.2686195410077,0.4661616161616161
65,pollen.spd3.0065.png,/Users/kobe/workspace/ARMAC/M1/computer_vision/Documents for autofocusing app/pollen.spd3/pollen.spd3.0065.png,10.58000000000005,14.249134767719411,615.3024626303356,26.267482570939336,1127.5135253587737,38290.46714488835,15714.37242380778,7.291110063690612,273.3375287936236,47.76252237955729,501.6303242904962,0.6333333333333334
66,pollen.spd3.0066.png,/Users/kobe/workspace/ARMAC/M1/computer_vision/Documents for autofocusing app/pollen.spd3/pollen.spd3.0066.png,10.58500000000005,14.217322147706641,614.1654549527533,26.30597684279191,1130.7896052470646,38358.88896136521,15771.195658365885,7.288316945841261,275.5188139575179,47.746813456217446,500.3113430264833,0.6500000000000001
67,pollen.spd3.0067.png,/Users/kobe/workspace/ARMAC/M1/computer_vision/Documents for autofocusing app/pollen.spd3/pollen.spd3.0067.png,10.590000000000051,14.253681383394927,612.3737602842946,26.24073762638617,1125.0383796069798,38249.509749119425,15734.451367696127,7.289941676013091,273.3887330295988,47.69316609700521,500.75074919452885,0.5550505050505049
68,pollen.spd3.0068.png,/Users/kobe/workspace/ARMAC/M1/computer_vision/Documents for autofocusing app/pollen.spd3/pollen.spd3.0068.png,10.595000000000052,14.39136857358473,615.43477873493,26.27451280169602,1129.4115526133398,38409.324857482214,15780.928916931152,7.296561628183052,274.133036733529,47.766003926595054,501.13574878812585,0.6772727272727272
69,pollen.spd3.0069.png,/Users/kobe/workspace/ARMAC/M1/computer_vision/Documents for autofocusing app/pollen.spd3/pollen.spd3.0069.png,10.600000000000053,14.355017947281338,613.9655883431085,26.2715085820287,1127.9259927429875,38232.14564205255,15761.116579691568,7.295483433393991,273.82773131727004,47.73744455973308,499.8626302294756,0.6030303030303031
70,pollen.spd3.0070.png,/Users/kobe/workspace/ARMAC/M1/computer_vision/Documents for autofocusing app/pollen.spd3/pollen.spd3.0070.png,10.605000000000054,14.438057803845156,613.7296528796024,26.274990571999346,1128.733757083741,38248.92631183231,15808.13338724772,7.2985080691941775,274.6878376243477,47.79352315266927,501.4026567489684,0.6419191919191919
71,pollen.spd3.0071.png,/Users/kobe/workspace/ARMAC/M1/computer_vision/Documents for autofocusing app/pollen.spd3/pollen.spd3.0071.png,10.610000000000054,14.492975902849235,613.216094920984,26.25436745759948,1127.2238767938682,38161.14194807449,15823.66737874349,7.301273718290832,274.0506054305284,47.69463857014974,499.524220730883,0.5616161616161616
72,pollen.spd3.0072.png,/Users/kobe/workspace/ARMAC/M1/computer_vision/Documents for autofocusing app/pollen.spd3/pollen.spd3.0072.png,10.615000000000055,14.524434189571364,612.0475674079505,26.25841512760926,1127.6658398055283,38163.33251112482,15869.325925191244,7.3024216580354935,274.7213057526093,47.69092305501302,501.19491953358784,0.5616161616161617
73,pollen.spd3.0073.png,/Users/kobe/workspace/ARMAC/M1/computer_vision/Documents for autofocusing app/pollen.spd3/pollen.spd3.0073.png,10.620000000000056,14.657664530666183,615.0768751018247,26.323621218607308,1134.1239769345239,38367.76101328867,15930.452201843262,7.308102315090231,276.29094300391387,47.77786509195963,502.04239348315036,0.6969696969696969
74,pollen.spd3.0074.png,/Users/kobe/workspace/ARMAC/M1/computer_vision/Documents for autofocusing app/pollen.spd3/pollen.spd3.0074.png,10.625000000000057,14.843815184329044,619.2262277513033,26.419231337654924,1141.0585313213471,38481.984748651485,16068.45719909668,7.3180794062965555,277.9502252527723,47.94203186035156,504.7228780157813,0.7570707070707071
75,pollen.spd3.0075.png,/Users/kobe/workspace/ARMAC/M1/computer_vision/Documents for autofocusing app/pollen.spd3/pollen.spd3.0075.png,10.630000000000058,14.833343491255201,616.7567115204464,26.362139697488583,1136.3886909858122,38335.79972537596,16032.804946899414,7.316990764282721,276.9031069084312,47.88751983642578,503.65975297483647,0.7151515151515151
76,pollen.spd3.0076.png,/Users/kobe/workspace/ARMAC/M1/computer_vision/Documents for autofocusing app/pollen.spd3/pollen.spd3.0076.png,10.635000000000058,14.842308203306256,616.722803895813,26.430016205968688,1141.8705357142858,38310.52104249946,16136.878677368164,7.316895406221276,279.2823227535877,47.79859161376953,502.02104894902897,0.7065656565656566
77,pollen.spd3.0077.png,/Users/kobe/workspace/ARMAC/M1/computer_vision/Documents for autofocusing app/pollen.spd3/pollen.spd3.0077.png,10.64000000000006,14.978842952940663,616.9926711673183,26.410850609507502,1140.2256540993967,38374.977380776465,16197.091517130533,7.322902716204707,278.5248899217221,47.88526662190755,504.6083326703261,0.7419191919191919
78,pollen.spd3.0078.png,/Users/kobe/workspace/ARMAC/M1/computer_vision/Documents for autofocusing app/pollen.spd3/pollen.spd3.0078.png,10.64500000000006,14.991220238122885,619.2992386058162,26.43406132787019,1143.19613681303,38296.584685509086,16245.840899149576,7.322921180003435,279.0517355165525,47.892662048339844,506.40331338959766,0.7353535353535354
79,pollen.spd3.0079.png,/Users/kobe/workspace/ARMAC/M1/computer_vision/Documents for autofocusing app/pollen.spd3/pollen.spd3.0079.png,10.65000000000006,15.137237339206626,617.3416295006517,26.45517750122309,1144.272200393428,38233.8992396145,16360.727376302084,7.329901036883125,280.3586755442759,47.85921986897787,504.61408650723104,0.7196969696969696
80,pollen.spd3.0080.png,/Users/kobe/workspace/ARMAC/M1/computer_vision/Documents for autofocusing app/pollen.spd3/pollen.spd3.0080.png,10.655000000000062,15.181211094057181,620.8456923061258,26.532233569797782,1152.9843673556752,38516.81275865057,16492.624834696453,7.331756676585618,283.69357723825834,47.97754414876302,507.1016880941008,0.7924242424242424
81,pollen.spd3.0081.png,/Users/kobe/workspace/ARMAC/M1/computer_vision/Documents for autofocusing app/pollen.spd3/pollen.spd3.0081.png,10.660000000000062,15.265084572974002,620.0910681920006,26.535696448956294,1152.5806221461187,38361.54170652634,16548.314529418945,7.335431694818608,283.6001610404436,47.86974843343099,505.5129644109983,0.7661616161616162
82,pollen.spd3.0082.png,/Users/kobe/workspace/ARMAC/M1/computer_vision/Documents for autofocusing app/pollen.spd3/pollen.spd3.0082.png,10.665000000000063,15.333878252666993,621.2368506129847,26.588193849885844,1158.2715761068982,38408.75967417315,16732.29347483317,7.33785285330139,285.51648371249183,47.99368794759114,506.8574667100329,0.7929292929292928
83,pollen.spd3.0083.png,/Users/kobe/workspace/ARMAC/M1/computer_vision/Documents for autofocusing app/pollen.spd3/pollen.spd3.0083.png,10.670000000000064,15.519465224420752,625.7296299690453,26.701606327462493,1166.601644039465,38368.71204825729,16938.33791097005,7.346647121438695,287.4938972806588,48.08962504069011,509.0755825640582,0.8025252525252526
84,pollen.spd3.0084.png,/Users/kobe/workspace/ARMAC/M1/computer_vision/Documents for autofocusing app/pollen.spd3/pollen.spd3.0084.png,10.675000000000065,15.699148662346788,628.9255495988107,26.79415871656882,1175.7610638861709,38658.51093109231,17148.74310048421,7.355225099302974,290.7587718627691,48.21874237060547,514.604296004225,0.8348484848484847
85,pollen.spd3.0085.png,/Users/kobe/workspace/ARMAC/M1/computer_vision/Documents for autofocusing app/pollen.spd3/pollen.spd3.0085.png,10.680000000000065,15.764547536159522,628.3953076633268,26.875067524869536,1182.6350280801532,38644.96532495971,17435.296007792156,7.3578983611580595,294.2693031943085,48.251096089680985,516.4698655194305,0.8424242424242424
86,pollen.spd3.0086.png,/Users/kobe/workspace/ARMAC/M1/computer_vision/Documents for autofocusing app/pollen.spd3/pollen.spd3.0086.png,10.685000000000066,15.811267727370096,630.6983786962365,26.959188223662753,1191.0097962022994,38754.5389855808,17691.00648498535,7.360534149435527,297.20505901418784,48.29808807373047,516.6623478661511,0.85
87,pollen.spd3.0087.png,/Users/kobe/workspace/ARMAC/M1/computer_vision/Documents for autofocusing app/pollen.spd3/pollen.spd3.0087.png,10.690000000000067,15.956629812551487,632.046204229798,27.08771735363666,1201.8065794704012,38787.17772478339,18099.664021809895,7.366476184365054,301.76740740174495,48.44579315185547,518.5699449180845,0.8611111111111109
88,pollen.spd3.0088.png,/Users/kobe/workspace/ARMAC/M1/computer_vision/Documents for autofocusing app/pollen.spd3/pollen.spd3.0088.png,10.695000000000068,16.204713852148775,642.2034737495927,27.33008959148728,1224.696074384377,39129.79796708105,18735.19778696696,7.37852530768698,308.2210649563764,48.79206848144531,525.5814318385544,0.8747474747474747
89,pollen.spd3.0089.png,/Users/kobe/workspace/ARMAC/M1/computer_vision/Documents for autofocusing app/pollen.spd3/pollen.spd3.0089.png,10.700000000000069,16.410236083789954,652.5465198863636,27.653477658186564,1254.142648197978,39870.237227606245,19493.966690063477,7.38786474536658,318.0799328828278,49.22522481282552,536.1113070910537,0.8898989898989902
90,pollen.spd3.0090.png,/Users/kobe/workspace/ARMAC/M1/computer_vision/Documents for autofocusing app/pollen.spd3/pollen.spd3.0090.png,10.70500000000007,16.664915179723906,665.0627698354513,28.046304223744293,1291.9438295009784,40692.13619644185,20402.88165283203,7.4016377475727655,330.5603200933627,49.7361577351888,547.6521535600963,0.9030303030303031
91,pollen.spd3.0091.png,/Users/kobe/workspace/ARMAC/M1/computer_vision/Documents for autofocusing app/pollen.spd3/pollen.spd3.0091.png,10.71000000000007,16.909840503559014,678.9967301543662,28.512781311154598,1336.2902575627854,41979.02585203076,21484.731511433918,7.414133165850544,345.7685362137149,50.412546793619796,565.3761766503771,0.9166666666666666
92,pollen.spd3.0092.png,/Users/kobe/workspace/ARMAC/M1/computer_vision/Documents for autofocusing app/pollen.spd3/pollen.spd3.0092.png,10.715000000000071,17.20782072879829,699.8595201001955,29.081910214856492,1396.3042734324038,44220.96203659241,22756.77515920003,7.426657834028061,365.4578007787019,51.365928649902344,591.9659684464763,0.9303030303030303
93,pollen.spd3.0093.png,/Users/kobe/workspace/ARMAC/M1/computer_vision/Documents for autofocusing app/pollen.spd3/pollen.spd3.0093.png,10.720000000000072,17.730373361681366,735.265748462447,29.96315053204501,1485.8260979798597,47370.14505722909,24462.326446533203,7.4507549571167635,392.449245505137,52.845794677734375,635.4950380481572,0.9449494949494952
94,pollen.spd3.0094.png,/Users/kobe/workspace/ARMAC/M1/computer_vision/Documents for autofocusing app/pollen.spd3/pollen.spd3.0094.png,10.725000000000072,18.209360955089917,776.173768939394,30.90486892530985,1585.4570465386498,51185.63701289892,26229.398661295574,7.470756179687674,421.6808290525114,54.482421875,684.3452027594774,0.9590909090909092
95,pollen.spd3.0095.png,/Users/kobe/workspace/ARMAC/M1/computer_vision/Documents for autofocusing app/pollen.spd3/pollen.spd3.0095.png,10.730000000000073,18.631543661050305,815.7413487190453,31.75035418705153,1678.2647408064254,54802.3886292672,27831.95780436198,7.487099556482653,448.54052001793866,55.97047678629557,728.6583487971285,0.9722222222222221
96,pollen.spd3.0096.png,/Users/kobe/workspace/ARMAC/M1/computer_vision/Documents for autofocusing app/pollen.spd3/pollen.spd3.0096.png,10.735000000000074,18.974829899812114,848.174924649723,32.3470523483366,1746.2988141104045,56722.0536950766,28941.79089609782,7.499193156779496,466.1991015370189,56.96847025553385,759.2011774611503,0.9838383838383837
97,pollen.spd3.0097.png,/Users/kobe/workspace/ARMAC/M1/computer_vision/Documents for autofocusing app/pollen.spd3/pollen.spd3.0097.png,10.740000000000075,19.07702758908904,869.4565832213261,32.75327941536204,1791.763260355512,57637.92336745031,29695.438906351726,7.500519721641744,478.27084352576645,57.47765350341797,771.9874511475274,0.9929292929292929
98,pollen.spd3.0098.png,/Users/kobe/workspace/ARMAC/M1/computer_vision/Documents for autofocusing app/pollen.spd3/pollen.spd3.0098.png,10.745000000000076,19.1895485076802,884.5250985153959,32.90490842098826,1815.349986495026,57167.01802960813,30088.605806986492,7.502065922655709,482.43885941576974,57.594983418782554,770.9579968811853,0.998989898989899
99,pollen.spd3.0099.png,/Users/kobe/workspace/ARMAC/M1/computer_vision/Documents for autofocusing app/pollen.spd3/pollen.spd3.0099.png,10.750000000000076,19.088340100317044,883.0590125040729,32.801777560339204,1804.4799030699608,55501.23170343474,29891.371983846027,7.496050658820495,477.7378761007828,57.040382385253906,755.406032115305,0.9909090909090909
100,pollen.spd3.0100.png,/Users/kobe/workspace/ARMAC/M1/computer_vision/Documents for autofocusing app/pollen.spd3/pollen.spd3.0100.png,10.755000000000077,18.912102370414736,870.0830138583415,32.53791075505545,1775.370405760763,53288.24414980095,29431.311866760254,7.4866866541727495,469.80806501753096,56.240526835123696,731.5259771736455,0.9818181818181818
101,pollen.spd3.0101.png,/Users/kobe/workspace/ARMAC/M1/computer_vision/Documents for autofocusing app/pollen.spd3/pollen.spd3.0101.png,10.760000000000078,18.78986379013439,847.6241866752199,32.06948691291585,1727.2965157167318,50914.68260691018,28650.053372701008,7.478799700813469,457.23811689701563,55.211219787597656,702.8855885894154,0.9722222222222221
102,pollen.spd3.0102.png,/Users/kobe/workspace/ARMAC/M1/computer_vision/Documents for autofocusing app/pollen.spd3/pollen.spd3.0102.png,10.765000000000079,18.512195421515692,820.8488526902086,31.506855685339204,1669.2883528518428,48381.6485895141,27573.765584309895,7.466912887822231,441.3685010498206,54.152069091796875,675.6299679269497,0.9631313131313132
103,pollen.spd3.0103.png,/Users/kobe/workspace/ARMAC/M1/computer_vision/Documents for autofocusing app/pollen.spd3/pollen.spd3.0103.png,10.77000000000008,18.245273217068828,792.3520538041707,30.90493262801696,1606.0697315313112,46162.85943847233,26395.930389404297,7.454453812649225,423.9048842139596,52.973821004231766,647.4014603788705,0.9570707070707071
104,pollen.spd3.0104.png,/Users/kobe/workspace/ARMAC/M1/computer_vision/Documents for autofocusing app/pollen.spd3/pollen.spd3.0104.png,10.77500000000008,17.924197156543187,763.6683875040729,30.303632583170256,1540.6536305446837,44349.84921851117,25143.35781097412,7.44071093082281,405.5462583577952,52.06138356526692,622.2386998334292,0.9474747474747476
105,pollen.spd3.0105.png,/Users/kobe/workspace/ARMAC/M1/computer_vision/Documents for autofocusing app/pollen.spd3/pollen.spd3.0105.png,10.780000000000081,17.752742276618363,742.4861951164875,29.816594810013047,1493.636046049413,43101.8955616743,24238.06837972005,7.4336550046436844,393.0478139779028,51.35938008626302,604.0368019519632,0.9404040404040405
106,pollen.spd3.0106.png,/Users/kobe/workspace/ARMAC/M1/computer_vision/Documents for autofocusing app/pollen.spd3/pollen.spd3.0106.png,10.785000000000082,17.49059761114698,719.9532560992994,29.33868945694716,1440.717019834475,42002.93968717992,23100.169520060223,7.4223664283916975,377.67935114970646,50.61468760172526,586.8982372030215,0.9323232323232323
107,pollen.spd3.0107.png,/Users/kobe/workspace/ARMAC/M1/computer_vision/Documents for autofocusing app/pollen.spd3/pollen.spd3.0107.png,10.790000000000083,17.36337450914867,704.5786353963017,28.947147137964777,1405.294546029028,41231.30674354855,22345.9295984904,7.4158947162121365,367.43181134825505,50.19649759928385,574.5583487706932,0.9252525252525251
108,pollen.spd3.0108.png,/Users/kobe/workspace/ARMAC/M1/computer_vision/Documents for autofocusing app/pollen.spd3/pollen.spd3.0108.png,10.795000000000083,17.126331001635666,689.5615466662593,28.54145517367906,1360.5103198385518,40693.13225196954,21449.36716715495,7.408141081335053,352.7760849845075,49.83216603597005,561.6168043044617,0.9166666666666666
109,pollen.spd3.0109.png,/Users/kobe/workspace/ARMAC/M1/computer_vision/Documents for autofocusing app/pollen.spd3/pollen.spd3.0109.png,10.800000000000084,17.023469664744063,679.9263260121375,28.299998980756687,1334.7812601924331,40196.13391370634,20805.581283569336,7.403881873802164,344.7579411794684,49.52546183268229,554.791972526194,0.9090909090909092
110,pollen.spd3.0110.png,/Users/kobe/workspace/ARMAC/M1/computer_vision/Documents for autofocusing app/pollen.spd3/pollen.spd3.0110.png,10.805000000000085,16.798528717493646,665.4247591845879,27.917422180772995,1296.933003862932,39502.34415474263,20071.263295491535,7.395649843330204,332.5154657432322,49.051320393880204,542.0301247700118,0.9
111,pollen.spd3.0111.png,/Users/kobe/workspace/ARMAC/M1/computer_vision/Documents for autofocusing app/pollen.spd3/pollen.spd3.0111.png,10.810000000000086,16.65921634676366,659.3442807612414,27.7470174392531,1277.4369483345565,39277.97274301944,19611.297709147137,7.390466619811974,325.99096950424007,48.88786315917969,538.8738804126107,0.8929292929292929
112,pollen.spd3.0112.png,/Users/kobe/workspace/ARMAC/M1/computer_vision/Documents for autofocusing app/pollen.spd3/pollen.spd3.0112.png,10.815000000000087,16.427409479477795,650.1460688029489,27.49385141470972,1253.388752140411,39060.70714383282,19037.798278808594,7.381015372662241,318.86538853555123,48.707115173339844,529.8269890963629,0.8833333333333334
113,pollen.spd3.0113.png,/Users/kobe/workspace/ARMAC/M1/computer_vision/Documents for autofocusing app/pollen.spd3/pollen.spd3.0113.png,10.820000000000087,16.401869514112523,647.5386373818834,27.393267388290933,1240.7084250652315,39011.41682008586,18676.960614522297,7.381616477139487,313.85032029721134,48.69037119547526,529.2065560366868,0.8777777777777779
114,pollen.spd3.0114.png,/Users/kobe/workspace/ARMAC/M1/computer_vision/Documents for autofocusing app/pollen.spd3/pollen.spd3.0114.png,10.825000000000088,16.24698578468969,642.762570259042,27.246582986790607,1224.4411794683626,38924.34427485861,18318.493662516277,7.375467500476765,308.3451629260437,48.494633992513016,523.5743918240639,0.8702020202020201
115,pollen.spd3.0115.png,/Users/kobe/workspace/ARMAC/M1/computer_vision/Documents for autofocusing app/pollen.spd3/pollen.spd3.0115.png,10.830000000000089,16.019791678033513,636.4385360663082,27.06516914342792,1206.1784886150522,38702.65841472195,17885.948519388836,7.365083050701525,301.88519243313766,48.39125569661458,520.3346428136962,0.8606060606060604
116,pollen.spd3.0116.png,/Users/kobe/workspace/ARMAC/M1/computer_vision/Documents for autofocusing app/pollen.spd3/pollen.spd3.0116.png,10.83500000000009,15.920407186347383,631.9197748655914,26.996078461350294,1198.617312357306,38521.225426473546,17708.978942871094,7.3621263466245095,300.47755116601434,48.21036020914714,515.8990121609854,0.848989898989899
117,pollen.spd3.0117.png,/Users/kobe/workspace/ARMAC/M1/computer_vision/Documents for autofocusing app/pollen.spd3/pollen.spd3.0117.png,10.84000000000009,15.814913640406573,627.9772472710981,26.843711778375734,1183.762641165199,38394.55011064225,17324.780639648438,7.357852997382733,294.9426408084638,48.10279083251953,514.6243837490588,0.8257575757575758
118,pollen.spd3.0118.png,/Users/kobe/workspace/ARMAC/M1/computer_vision/Documents for autofocusing app/pollen.spd3/pollen.spd3.0118.png,10.845000000000091,15.671028235854562,627.937880569811,26.81172027886497,1179.9172884050881,38355.230153338365,17230.213490804035,7.352252534640722,293.1874694227006,48.13803354899088,512.4392029623203,0.81010101010101
119,pollen.spd3.0119.png,/Users/kobe/workspace/ARMAC/M1/computer_vision/Documents for autofocusing app/pollen.spd3/pollen.spd3.0119.png,10.850000000000092,15.656989555113313,626.1891444688823,26.726610914057403,1171.0882894039464,38289.8692812811,16974.299967447918,7.351732111298963,289.89136522545664,48.0232416788737,510.44176487327786,0.7833333333333334
120,pollen.spd3.0120.png,/Users/kobe/workspace/ARMAC/M1/computer_vision/Documents for autofocusing app/pollen.spd3/pollen.spd3.0120.png,10.855000000000093,15.493999938983029,622.6827358769143,26.63946433667645,1162.450185757094,38193.37209084868,16794.82684326172,7.3452847661250384,286.8734660388128,47.928517659505204,506.55249752926954,0.744949494949495
121,pollen.spd3.0121.png,/Users/kobe/workspace/ARMAC/M1/computer_vision/Documents for autofocusing app/pollen.spd3/pollen.spd3.0121.png,10.860000000000094,15.379942728692491,622.6046414243239,26.639447773972602,1163.5185425839857,38395.36213392034,16762.779935201008,7.339824632213386,287.360512730349,47.951812744140625,509.6607996965241,0.797979797979798
122,pollen.spd3.0122.png,/Users/kobe/workspace/ARMAC/M1/computer_vision/Documents for autofocusing app/pollen.spd3/pollen.spd3.0122.png,10.865000000000094,15.42621517864761,621.5088205645161,26.57350782778865,1156.19904038242,38412.26921811994,16577.07995859782,7.34389604439254,284.3121916788976,47.99547831217448,509.0474980992731,0.7974747474747474
123,pollen.spd3.0123.png,/Users/kobe/workspace/ARMAC/M1/computer_vision/Documents for autofocusing app/pollen.spd3/pollen.spd3.0123.png,10.870000000000095,15.218185034340848,621.3771675932715,26.544724396607958,1154.2592343444228,38212.93988097366,16511.474690755207,7.33230187331176,283.55034934564577,47.88213348388672,505.7584671482974,0.7303030303030302
124,pollen.spd3.0124.png,/Users/kobe/workspace/ARMAC/M1/computer_vision/Documents for autofocusing app/pollen.spd3/pollen.spd3.0124.png,10.875000000000096,15.149727158653162,620.9747678396872,26.523289709719503,1152.1507078644813,38484.315753631185,16378.860275268555,7.3297114178740905,282.5922224090835,48.02676645914713,506.9199364984525,0.7868686868686868
125,pollen.spd3.0125.png,/Users/kobe/workspace/ARMAC/M1/computer_vision/Documents for autofocusing app/pollen.spd3/pollen.spd3.0125.png,10.880000000000097,15.101567672242886,617.2941460980776,26.399930691454664,1142.3830494740705,38222.3404993778,16265.978294372559,7.329004785446522,279.76879229859753,47.82439168294271,504.0332931603512,0.7035353535353535
126,pollen.spd3.0126.png,/Users/kobe/workspace/ARMAC/M1/computer_vision/Documents for autofocusing app/pollen.spd3/pollen.spd3.0126.png,10.885000000000097,14.973547536702975,616.241478545536,26.421362830234834,1142.2135289261253,38313.960938742974,16191.443496704102,7.321408541391681,280.16898162304307,47.76930236816406,503.1141717553708,0.7080808080808081
127,pollen.spd3.0127.png,/Users/kobe/workspace/ARMAC/M1/computer_vision/Documents for autofocusing app/pollen.spd3/pollen.spd3.0127.png,10.890000000000098,14.900337900367058,615.2865296106223,26.387201616519896,1139.2479194695857,38182.54458914011,16157.008845011393,7.318599955735855,279.2000010192433,47.80232238769531,503.99991483466397,0.6757575757575758
128,pollen.spd3.0128.png,/Users/kobe/workspace/ARMAC/M1/computer_vision/Documents for autofocusing app/pollen.spd3/pollen.spd3.0128.png,10.895000000000099,14.823820579083112,616.2965517065819,26.372547445776256,1138.915623216324,38386.55637446444,16112.1882909139,7.315511859449032,278.61598988910634,47.803446451822914,504.7181543671112,0.7237373737373738
129,pollen.spd3.0129.png,/Users/kobe/workspace/ARMAC/M1/computer_vision/Documents for autofocusing app/pollen.spd3/pollen.spd3.0129.png,10.9000000000001,14.781891633776228,617.1341451307429,26.37673908390411,1138.2444565904273,38329.63560448643,16046.969383239746,7.313977772358478,277.8480308219178,47.82862854003906,503.1352512229803,0.7070707070707072
130,pollen.spd3.0130.png,/Users/kobe/workspace/ARMAC/M1/computer_vision/Documents for autofocusing app/pollen.spd3/pollen.spd3.0130.png,10.9050000000001,14.738714819333879,616.3693550932715,26.34234599233529,1135.3435283145793,38247.3018462082,15995.023551940918,7.31192168539887,276.5985812133072,47.84539794921875,502.90901175901917,0.6808080808080808
131,pollen.spd3.0131.png,/Users/kobe/workspace/ARMAC/M1/computer_vision/Documents for autofocusing app/pollen.spd3/pollen.spd3.0131.png,10.910000000000101,14.621978769285041,613.9146594472955,26.310768560420744,1132.4631989461025,38203.25941072712,15921.933303833008,7.305574675051316,275.94027616397585,47.73045349121094,501.0304159367612,0.6217171717171718
132,pollen.spd3.0132.png,/Users/kobe/workspace/ARMAC/M1/computer_vision/Documents for autofocusing app/pollen.spd3/pollen.spd3.0132.png,10.915000000000102,14.617134561542453,612.1500297837243,26.253927908920417,1126.847137709964,38097.52544855036,15809.408147176107,7.306011643003524,274.29841660551205,47.68478647867838,499.81666200745775,0.5388888888888889
133,pollen.spd3.0133.png,/Users/kobe/workspace/ARMAC/M1/computer_vision/Documents for autofocusing app/pollen.spd3/pollen.spd3.0133.png,10.920000000000103,14.492045363084141,613.7133341988433,26.293831284654274,1129.7606982326322,38180.613951398656,15835.012446085611,7.300203929834819,274.8892515696347,47.71739196777344,500.22028516126903,0.5974747474747475
134,pollen.spd3.0134.png,/Users/kobe/workspace/ARMAC/M1/computer_vision/Documents for autofocusing app/pollen.spd3/pollen.spd3.0134.png,10.925000000000104,14.479956097303063,611.9776660251711,26.24985093566536,1125.9864682709556,38168.00113279941,15774.186932881674,7.299766012027657,273.5751296987117,47.71046702067058,500.1557672600998,0.5434343434343434
135,pollen.spd3.0135.png,/Users/kobe/workspace/ARMAC/M1/computer_vision/Documents for autofocusing app/pollen.spd3/pollen.spd3.0135.png,10.930000000000105,14.43940933781223,613.5645288571196,26.275335840671886,1128.430744964938,38177.30199999543,15795.20930226644,7.298090518344642,274.5000203848663,47.67182922363281,499.3857495721896,0.56010101010101
136,pollen.spd3.0136.png,/Users/kobe/workspace/ARMAC/M1/computer_vision/Documents for autofocusing app/pollen.spd3/pollen.spd3.0136.png,10.935000000000105,14.367902756503133,611.3310206398664,26.23438009621657,1123.6209383153946,38140.33765472306,15703.0109761556,7.2946324732399805,273.27761130136986,47.67962646484375,499.37320509320125,0.49343434343434345
137,pollen.spd3.0137.png,/Users/kobe/workspace/ARMAC/M1/computer_vision/Documents for autofocusing app/pollen.spd3/pollen.spd3.0137.png,10.940000000000106,14.285716475347096,612.4516052663735,26.25621356205153,1126.375368201647,38269.90832447133,15728.59791056315,7.289798714926451,274.10005656800394,47.71033477783203,501.06425736097543,0.5757575757575758
138,pollen.spd3.0138.png,/Users/kobe/workspace/ARMAC/M1/computer_vision/Documents for autofocusing app/pollen.spd3/pollen.spd3.0138.png,10.945000000000107,14.28538022484139,613.0173891129032,26.232471563111545,1124.7894370719177,38230.17041984736,15692.77826944987,7.289979944742859,273.3484385192433,47.688682556152344,500.8738452923394,0.5474747474747474
139,pollen.spd3.0139.png,/Users/kobe/workspace/ARMAC/M1/computer_vision/Documents for autofocusing app/pollen.spd3/pollen.spd3.0139.png,10.950000000000108,14.206097740680017,612.2714073700716,26.207780393835616,1123.570062785388,38284.63845499191,15719.31369527181,7.2870604041160085,272.83024884825505,47.65665181477865,500.39759775020906,0.5146464646464647
140,pollen.spd3.0140.png,/Users/kobe/workspace/ARMAC/M1/computer_vision/Documents for autofocusing app/pollen.spd3/pollen.spd3.0140.png,10.955000000000108,14.189026085631662,612.0638389947866,26.229152652071104,1123.7684037120841,38243.08841893231,15682.604199727377,7.286318088127646,273.12645879199283,47.7134043375651,498.52734972492584,0.5232323232323232
141,pollen.spd3.0141.png,/Users/kobe/workspace/ARMAC/M1/computer_vision/Documents for autofocusing app/pollen.spd3/pollen.spd3.0141.png,10.96000000000011,14.131294697738479,610.6937876751385,26.192119720319635,1121.2011323793215,38136.38130940331,15612.076736450195,7.283595203000166,272.36788058545335,47.718327840169266,497.74318907107227,0.42525252525252527
142,pollen.spd3.0142.png,/Users/kobe/workspace/ARMAC/M1/computer_vision/Documents for autofocusing app/pollen.spd3/pollen.spd3.0142.png,10.96500000000011,14.102313006862277,614.468621446318,26.254944604125896,1126.1653505687377,38401.61584839736,15640.949241638184,7.281651542858839,273.1293126732714,47.72893524169922,501.5387583059686,0.6242424242424243
143,pollen.spd3.0143.png,/Users/kobe/workspace/ARMAC/M1/computer_vision/Documents for autofocusing app/pollen.spd3/pollen.spd3.0143.png,10.97000000000011,14.025767741479502,613.8834412675138,26.236742192596218,1125.1099534205805,38489.98437591228,15620.961771647135,7.278614795025694,273.02958226312785,47.725947062174484,501.711755595558,0.6171717171717173
144,pollen.spd3.0144.png,/Users/kobe/workspace/ARMAC/M1/computer_vision/Documents for autofocusing app/pollen.spd3/pollen.spd3.0144.png,10.975000000000112,14.04675988669187,614.0410760834147,26.227482367090673,1123.0987595808872,38342.52784696982,15615.80731455485,7.279889100016819,271.759201219015,47.7293446858724,498.37178780849916,0.5545454545454545
145,pollen.spd3.0145.png,/Users/kobe/workspace/ARMAC/M1/computer_vision/Documents for autofocusing app/pollen.spd3/pollen.spd3.0145.png,10.980000000000112,13.87783712512132,611.979393226621,26.21885447243966,1122.001029435747,38292.30952073755,15553.103256225586,7.27066791426657,272.1329513719015,47.71937815348308,498.3927171339811,0.48989898989898994
146,pollen.spd3.0146.png,/Users/kobe/workspace/ARMAC/M1/computer_vision/Documents for autofocusing app/pollen.spd3/pollen.spd3.0146.png,10.985000000000113,13.88643931459754,612.3221058875041,26.204999133643184,1121.0547830540606,38200.98805055247,15596.303731282553,7.2714305059381115,271.9185089489563,47.67755889892578,498.5398853168008,0.44646464646464645
147,pollen.spd3.0147.png,/Users/kobe/workspace/ARMAC/M1/computer_vision/Documents for autofocusing app/pollen.spd3/pollen.spd3.0147.png,10.990000000000114,13.797877908359789,609.4826758003421,26.165920070939336,1118.4220151459556,38054.351098548934,15576.063044230143,7.26646992059463,271.6991282921559,47.58242543538412,495.89322892320985,0.29343434343434344
148,pollen.spd3.0148.png,/Users/kobe/workspace/ARMAC/M1/computer_vision/Documents for autofocusing app/pollen.spd3/pollen.spd3.0148.png,10.995000000000115,13.79289001357807,612.3077435137667,26.2125313417319,1122.202721124837,38378.06732041119,15557.70361073812,7.268084842953997,272.20282177511416,47.75443013509115,499.37385295489287,0.5404040404040404
149,pollen.spd3.0149.png,/Users/kobe/workspace/ARMAC/M1/computer_vision/Documents for autofocusing app/pollen.spd3/pollen.spd3.0149.png,11.000000000000115,13.814272487433396,613.4872159090909,26.213499622879972,1121.9175419418623,38411.6693807061,15566.284278869629,7.269646707913428,271.33141970401175,47.73891194661458,500.67389947051805,0.5525252525252525
150,pollen.spd3.0150.png,/Users/kobe/workspace/ARMAC/M1/computer_vision/Documents for autofocusing app/pollen.spd3/pollen.spd3.0150.png,11.005000000000116,13.681774382640778,611.4749358504399,26.192866316046967,1120.055242987606,38235.60461027579,15512.276606241861,7.260950386647666,271.30346950424007,47.679257710774735,497.64646237589966,0.3924242424242424
151,pollen.spd3.0151.png,/Users/kobe/workspace/ARMAC/M1/computer_vision/Documents for autofocusing app/pollen.spd3/pollen.spd3.0151.png,11.010000000000117,13.695317400581324,612.8062352354187,26.2227377894651,1122.201647097195,38281.88624272355,15542.677965799967,7.263278775757177,271.7659193065069,47.7312978108724,497.64332530282746,0.48535353535353537
152,pollen.spd3.0152.png,/Users/kobe/workspace/ARMAC/M1/computer_vision/Documents for autofocusing app/pollen.spd3/pollen.spd3.0152.png,11.015000000000118,13.590462321903017,610.3101503950799,26.18839566006197,1119.7084543684769,38223.25595019907,15469.074714660645,7.255992929657332,272.01892225212003,47.669306437174484,499.6249634031362,0.3808080808080808
153,pollen.spd3.0153.png,/Users/kobe/workspace/ARMAC/M1/computer_vision/Documents for autofocusing app/pollen.spd3/pollen.spd3.0153.png,11.020000000000119,13.597129780074093,610.9086403347997,26.17923648483366,1117.9561368639922,38216.15578473566,15465.215627034506,7.257433315484638,270.90617355675147,47.63049825032552,496.8663915175582,0.3202020202020202
154,pollen.spd3.0154.png,/Users/kobe/workspace/ARMAC/M1/computer_vision/Documents for autofocusing app/pollen.spd3/pollen.spd3.0154.png,11.02500000000012,13.50996278566875,610.4324354940535,26.17289296925962,1116.8071222174658,38105.68606030793,15436.196131388346,7.2527155902618565,270.5250020384866,47.68638610839844,494.0279825463529,0.25555555555555554
155,pollen.spd3.0155.png,/Users/kobe/workspace/ARMAC/M1/computer_vision/Documents for autofocusing app/pollen.spd3/pollen.spd3.0155.png,11.03000000000012,13.463162501142737,610.3118801421473,26.1717030026908,1116.242851282208,38134.003137736036,15428.21474202474,7.2510844326436965,269.98330989073713,47.650848388671875,497.4172488174195,0.25404040404040407
156,pollen.spd3.0156.png,/Users/kobe/workspace/ARMAC/M1/computer_vision/Documents for autofocusing app/pollen.spd3/pollen.spd3.0156.png,11.035000000000121,13.541923741023338,611.40180153348,26.218456967547294,1121.4192096787344,38238.140319260296,15562.234830220541,7.2555050323690065,272.1359543175147,47.71568044026693,497.82437119470626,0.44595959595959594
157,pollen.spd3.0157.png,/Users/kobe/workspace/ARMAC/M1/computer_vision/Documents for autofocusing app/pollen.spd3/pollen.spd3.0157.png,11.040000000000122,13.411837241677029,609.2951554354024,26.127406688274625,1116.003754637557,38156.3906413936,15428.279182434082,7.246679528798765,270.2456045132094,47.63778177897136,496.8475555036372,0.2262626262626263
158,pollen.spd3.0158.png,/Users/kobe/workspace/ARMAC/M1/computer_vision/Documents for autofocusing app/pollen.spd3/pollen.spd3.0158.png,11.045000000000122,13.407454367136904,612.0662127830726,26.210234222113503,1120.4259978392042,38272.91641761543,15485.239463806152,7.247261896973834,271.11260345319636,47.676116943359375,496.6836261530407,0.3888888888888889
159,pollen.spd3.0159.png,/Users/kobe/workspace/ARMAC/M1/computer_vision/Documents for autofocusing app/pollen.spd3/pollen.spd3.0159.png,11.050000000000123,13.34491491707561,608.2026324230205,26.14405093158839,1114.8031420723255,38143.293664336044,15422.753003438314,7.244293792688326,270.155156861546,47.64899698893229,494.9936157032951,0.19747474747474744
160,pollen.spd3.0160.png,/Users/kobe/workspace/ARMAC/M1/computer_vision/Documents for autofocusing app/pollen.spd3/pollen.spd3.0160.png,11.055000000000124,13.322033561061126,610.8004515925383,26.183063743476843,1119.262929101435,38295.09342345013,15450.537063598633,7.2426340005015,271.32385182240705,47.626650492350265,497.89648524938895,0.34797979797979794
161,pollen.spd3.0161.png,/Users/kobe/workspace/ARMAC/M1/computer_vision/Documents for autofocusing app/pollen.spd3/pollen.spd3.0161.png,11.060000000000125,13.268728802522718,610.0237315188172,26.15345727332029,1116.4358666625897,38145.26095030021,15429.2654393514,7.2404141041873835,270.02863946306263,47.680600484212235,497.2190052096849,0.24545454545454545
162,pollen.spd3.0162.png,/Users/kobe/workspace/ARMAC/M1/computer_vision/Documents for autofocusing app/pollen.spd3/pollen.spd3.0162.png,11.065000000000126,13.254644537021514,609.2540233484034,26.176764819797782,1116.600889799413,38234.09224314816,15467.097750345865,7.240561581331155,270.74259647137967,47.63684844970703,497.63907378102886,0.2863636363636363
163,pollen.spd3.0163.png,/Users/kobe/workspace/ARMAC/M1/computer_vision/Documents for autofocusing app/pollen.spd3/pollen.spd3.0163.png,11.070000000000126,13.295647908467108,610.4502459066471,26.179613604859753,1118.5107377283105,38337.484469523006,15489.69243367513,7.2424046669343625,271.3575964204175,47.750282287597656,498.41387897148445,0.41010101010101
164,pollen.spd3.0164.png,/Users/kobe/workspace/ARMAC/M1/computer_vision/Documents for autofocusing app/pollen.spd3/pollen.spd3.0164.png,11.075000000000127,13.132618071173175,609.8223706317204,26.139657992906066,1115.627865347766,38214.85163369268,15436.852554321289,7.233023994216037,269.7739445735486,47.72049204508464,494.5353189105905,0.2267676767676768
165,pollen.spd3.0165.png,/Users/kobe/workspace/ARMAC/M1/computer_vision/Documents for autofocusing app/pollen.spd3/pollen.spd3.0165.png,11.080000000000128,13.148275653238018,609.6417030689964,26.13072177715264,1115.0666190170418,38176.92668949251,15398.243174235025,7.233839873662063,269.50270991316046,47.630165100097656,495.33965640668373,0.1717171717171717
166,pollen.spd3.0166.png,/Users/kobe/workspace/ARMAC/M1/computer_vision/Documents for autofocusing app/pollen.spd3/pollen.spd3.0166.png,11.085000000000129,13.120780872492535,610.8050909803682,26.162815200994782,1115.8590144426778,38150.39223916905,15410.424980163574,7.232887246809867,269.34187331824853,47.681836446126304,496.2225073539044,0.21717171717171718
167,pollen.spd3.0167.png,/Users/kobe/workspace/ARMAC/M1/computer_vision/Documents for autofocusing app/pollen.spd3/pollen.spd3.0167.png,11.09000000000013,13.100197842283286,611.2142429842783,26.181059656311156,1117.9066870005709,38219.56343803275,15402.39682261149,7.232021221151192,270.267040474152,47.66646067301433,497.43330243724625,0.2772727272727272
168,pollen.spd3.0168.png,/Users/kobe/workspace/ARMAC/M1/computer_vision/Documents for autofocusing app/pollen.spd3/pollen.spd3.0168.png,11.09500000000013,13.104096370019503,608.7609970674487,26.116982377283104,1111.9991323691293,38151.900487837214,15336.384656270346,7.232882543715437,268.85205683300717,47.62030792236328,495.9487264003514,0.12878787878787878
169,pollen.spd3.0169.png,/Users/kobe/workspace/ARMAC/M1/computer_vision/Documents for autofocusing app/pollen.spd3/pollen.spd3.0169.png,11.100000000000131,13.111211596856025,611.0496789976377,26.185146821999346,1117.618513790362,38276.90969602173,15381.79108428955,7.233358455020722,270.03000397504894,47.650767008463546,495.42944406340314,0.26464646464646463
170,pollen.spd3.0170.png,/Users/kobe/workspace/ARMAC/M1/computer_vision/Documents for autofocusing app/pollen.spd3/pollen.spd3.0170.png,11.105000000000132,13.074696892934542,612.0126173529651,26.18599789016634,1119.0351142062134,38353.264468714384,15411.971809387207,7.231884344518704,270.2134741417971,47.76532745361328,498.4052715211292,0.3883838383838384
171,pollen.spd3.0171.png,/Users/kobe/workspace/ARMAC/M1/computer_vision/Documents for autofocusing app/pollen.spd3/pollen.spd3.0171.png,11.110000000000133,13.036087036171415,610.7528829117791,26.173634468770384,1116.5962203909817,38211.129806623874,15397.848693847656,7.229237001672966,270.0900004586595,47.66028594970703,494.62130295374664,0.21515151515151515
172,pollen.spd3.0172.png,/Users/kobe/workspace/ARMAC/M1/computer_vision/Documents for autofocusing app/pollen.spd3/pollen.spd3.0172.png,11.115000000000133,13.049381211660766,608.4059865285924,26.130756176614483,1113.790226985486,38275.0691490463,15372.223609924316,7.229153112376738,269.9292861729452,47.66598256429036,495.155796548177,0.18131313131313134
173,pollen.spd3.0173.png,/Users/kobe/workspace/ARMAC/M1/computer_vision/Documents for autofocusing app/pollen.spd3/pollen.spd3.0173.png,11.120000000000134,13.082008488676706,611.6313691348973,26.18937795580561,1118.2983758357796,38325.70768705765,15428.948616027832,7.23152835094111,270.5170723255055,47.71908315022787,496.69945504162587,0.342929292929293
174,pollen.spd3.0174.png,/Users/kobe/workspace/ARMAC/M1/computer_vision/Documents for autofocusing app/pollen.spd3/pollen.spd3.0174.png,11.125000000000135,12.9496176854279,611.6371705971001,26.212235761170906,1119.9643048250978,38347.1299844318,15423.414957682291,7.223802580767944,271.12787171803654,47.738149007161454,497.56112344412963,0.3868686868686869
175,pollen.spd3.0175.png,/Users/kobe/workspace/ARMAC/M1/computer_vision/Documents for autofocusing app/pollen.spd3/pollen.spd3.0175.png,11.130000000000136,12.966924258711721,609.8696796594982,26.129389116519896,1112.7260490561807,38075.91387265921,15324.60117594401,7.22494029864683,268.8407101068167,47.61975860595703,494.5414779190194,0.09797979797979797
176,pollen.spd3.0176.png,/Users/kobe/workspace/ARMAC/M1/computer_vision/Documents for autofocusing app/pollen.spd3/pollen.spd3.0176.png,11.135000000000137,12.872913824174068,608.4474139072173,26.129875805202218,1111.45516730879,38074.26543363726,15323.333518981934,7.2200061971312355,268.4667803122961,47.60502370198567,492.742971352127,0.0681818181818182
177,pollen.spd3.0177.png,/Users/kobe/workspace/ARMAC/M1/computer_vision/Documents for autofocusing app/pollen.spd3/pollen.spd3.0177.png,11.140000000000137,12.838785596273166,610.1454718556533,26.1582604574364,1115.3759504443901,38237.54567607538,15349.047538757324,7.217846361671882,269.82064502813114,47.62916564941406,495.35189733392974,0.16565656565656567
178,pollen.spd3.0178.png,/Users/kobe/workspace/ARMAC/M1/computer_vision/Documents for autofocusing app/pollen.spd3/pollen.spd3.0178.png,11.145000000000138,12.890408309665165,613.4382942326491,26.20557500611546,1121.6644052205643,38281.58509986886,15455.732391357422,7.221103446761187,271.2907136741683,47.72450764973958,497.6070025665168,0.3974747474747474
179,pollen.spd3.0179.png,/Users/kobe/workspace/ARMAC/M1/computer_vision/Documents for autofocusing app/pollen.spd3/pollen.spd3.0179.png,11.150000000000139,12.866392070667949,610.9793397686543,26.173768244455317,1115.5665718770385,38316.47725628885,15382.520133972168,7.221049997915099,268.87859028457274,47.77054087320964,496.2025062865383,0.26565656565656565
180,pollen.spd3.0180.png,/Users/kobe/workspace/ARMAC/M1/computer_vision/Documents for autofocusing app/pollen.spd3/pollen.spd3.0180.png,11.15500000000014,12.789369293508217,610.6157975928642,26.15448161285062,1115.202910958904,38173.76557600599,15344.82839457194,7.215392686864626,269.0152185767286,47.71984354654948,494.7452844600452,0.16313131313131313
181,pollen.spd3.0181.png,/Users/kobe/workspace/ARMAC/M1/computer_vision/Documents for autofocusing app/pollen.spd3/pollen.spd3.0181.png,11.16000000000014,12.869146290233012,611.0118523949169,26.17675207925636,1116.6539796355187,38321.91945716981,15400.40919748942,7.220708559710291,269.9152664811644,47.67083485921224,496.23124515185674,0.2515151515151516
182,pollen.spd3.0182.png,/Users/kobe/workspace/ARMAC/M1/computer_vision/Documents for autofocusing app/pollen.spd3/pollen.spd3.0182.png,11.165000000000141,12.724242307837049,609.8653432001466,26.140918032452706,1113.983605471298,38172.8412556553,15334.954500834147,7.21129656190625,268.82503796681345,47.678367614746094,494.2863243820676,0.11161616161616161
183,pollen.spd3.0183.png,/Users/kobe/workspace/ARMAC/M1/computer_vision/Documents for autofocusing app/pollen.spd3/pollen.spd3.0183.png,11.170000000000142,12.68420538078222,608.723589218801,26.141504097358123,1112.7672506930855,38225.35368282327,15339.810956319174,7.209817713899784,268.92820959719506,47.68948109944662,492.50856164815036,0.11666666666666667
184,pollen.spd3.0184.png,/Users/kobe/workspace/ARMAC/M1/computer_vision/Documents for autofocusing app/pollen.spd3/pollen.spd3.0184.png,11.175000000000143,12.710547049166403,609.2000129826491,26.150595747716896,1114.6056725986627,38314.992619413715,15352.754356384277,7.210590259393605,269.7466122900359,47.697436014811196,495.92707361811904,0.18030303030303033
185,pollen.spd3.0185.png,/Users/kobe/workspace/ARMAC/M1/computer_vision/Documents for autofocusing app/pollen.spd3/pollen.spd3.0185.png,11.180000000000144,12.761411990074226,613.662639499837,26.2584826524788,1123.3735424820613,38419.604995955924,15456.0197652181,7.214304024771025,271.93618899828766,47.83899688720703,499.7945762106748,0.5212121212121212
186,pollen.spd3.0186.png,/Users/kobe/workspace/ARMAC/M1/computer_vision/Documents for autofocusing app/pollen.spd3/pollen.spd3.0186.png,11.185000000000144,12.665088448454382,609.9801161819811,26.15202014024788,1114.870940863503,38122.97186258921,15370.222045898438,7.208928116600881,269.4964887067841,47.6447270711263,495.0493481949606,0.11414141414141414
187,pollen.spd3.0187.png,/Users/kobe/workspace/ARMAC/M1/computer_vision/Documents for autofocusing app/pollen.spd3/pollen.spd3.0187.png,11.190000000000145,12.688410805889642,609.6429860601987,26.139743354533593,1115.040960840672,38142.86928241855,15325.149434407553,7.21016435382193,269.7748848255055,47.64740498860677,494.38468925942044,0.10555555555555556
188,pollen.spd3.0188.png,/Users/kobe/workspace/ARMAC/M1/computer_vision/Documents for autofocusing app/pollen.spd3/pollen.spd3.0188.png,11.195000000000146,12.64781056936206,610.3471891291952,26.165906056343772,1116.898617141634,38230.788886744784,15329.705513000488,7.207181041035283,270.5912171803653,47.67197163899739,496.52885028944974,0.1893939393939394
189,pollen.spd3.0189.png,/Users/kobe/workspace/ARMAC/M1/computer_vision/Documents for autofocusing app/pollen.spd3/pollen.spd3.0189.png,11.200000000000147,12.71567291323115,611.31640625,26.18267643101761,1115.9417935624592,38205.40437567914,15319.536824544271,7.212921570729868,269.27933382257015,47.745669047037765,495.884678995683,0.21060606060606055
190,pollen.spd3.0190.png,/Users/kobe/workspace/ARMAC/M1/computer_vision/Documents for autofocusing app/pollen.spd3/pollen.spd3.0190.png,11.205000000000148,12.571979404752243,608.588502209596,26.14061862972929,1112.4522216956132,38081.433327145765,15349.058832804361,7.202435281269037,268.7959997248043,47.6292978922526,492.951799736798,0.06161616161616161
191,pollen.spd3.0191.png,/Users/kobe/workspace/ARMAC/M1/computer_vision/Documents for autofocusing app/pollen.spd3/pollen.spd3.0191.png,11.210000000000148,12.674433510385748,610.2547323028674,26.1388680793379,1114.5656660245434,38147.57658193042,15377.041867574057,7.209503967411398,269.27282340590347,47.638903299967446,493.8409854686211,0.1065656565656566
192,pollen.spd3.0192.png,/Users/kobe/workspace/ARMAC/M1/computer_vision/Documents for autofocusing app/pollen.spd3/pollen.spd3.0192.png,11.215000000000149,12.539094676031,607.7924685361681,26.140761323793217,1112.7449076055937,38043.62223898882,15305.228477478027,7.200648474781279,269.4521618150685,47.549049377441406,492.9503588522073,0.045454545454545456
193,pollen.spd3.0193.png,/Users/kobe/workspace/ARMAC/M1/computer_vision/Documents for autofocusing app/pollen.spd3/pollen.spd3.0193.png,11.22000000000015,12.513209963932406,608.1281234726296,26.13365210167971,1110.7569779945368,38134.30566187534,15317.684051513672,7.200618712665017,268.24745316576974,47.63801829020182,493.39984129439756,0.045959595959595964
194,pollen.spd3.0194.png,/Users/kobe/workspace/ARMAC/M1/computer_vision/Documents for autofocusing app/pollen.spd3/pollen.spd3.0194.png,11.22500000000015,12.505695017297755,608.9692565778755,26.139403182077626,1111.7091933198794,38106.38821933291,15264.564061482748,7.2000583210896565,268.24025985608284,47.59498341878255,492.3982567583638,0.03333333333333334
195,pollen.spd3.0195.png,/Users/kobe/workspace/ARMAC/M1/computer_vision/Documents for autofocusing app/pollen.spd3/pollen.spd3.0195.png,11.230000000000151,12.476481942787576,611.134663163897,26.19275165117417,1116.5771720075015,38318.65883734325,15347.248987833658,7.19762464248242,269.5482777336106,47.76099904378255,494.9717634681729,0.2303030303030303
196,pollen.spd3.0196.png,/Users/kobe/workspace/ARMAC/M1/computer_vision/Documents for autofocusing app/pollen.spd3/pollen.spd3.0196.png,11.235000000000152,12.444969658790539,608.3495196419843,26.13022489603718,1110.8878921538649,38107.30650132996,15293.034891764322,7.195812423736574,268.1672718423842,47.62011973063151,493.1654837010752,0.02878787878787879
197,pollen.spd3.0197.png,/Users/kobe/workspace/ARMAC/M1/computer_vision/Documents for autofocusing app/pollen.spd3/pollen.spd3.0197.png,11.240000000000153,12.436997505382626,605.9155338668947,26.07936720278865,1109.275112881197,37991.37997371579,15312.639409383139,7.19503688633004,268.702533838878,47.48995717366537,489.97199679252094,0.007575757575757576
198,pollen.spd3.0198.png,/Users/kobe/workspace/ARMAC/M1/computer_vision/Documents for autofocusing app/pollen.spd3/pollen.spd3.0198.png,11.245000000000154,12.483065204451854,606.8371492139133,26.119201779598825,1110.0329763433626,38014.37746747691,15278.111300150553,7.198787838313687,268.4385918643999,47.565755208333336,491.4069445374836,0.013636363636363637
199,pollen.spd3.0199.png,/Users/kobe/workspace/ARMAC/M1/computer_vision/Documents for autofocusing app/pollen.spd3/pollen.spd3.0199.png,11.250000000000155,12.436226335969677,607.9644313599707,26.100618425880626,1109.9912510702054,38069.53969761168,15280.133666992188,7.195209793555431,267.90108243639924,47.608184814453125,492.6478102607135,0.012121212121212123
