dataset,method,coarse_image,sequence_1_based,coarse_mm,focus,fine_mm,fit_r_squared,global_correction,median_scoring_ms,peak_gap_percent
pollen.spd1,normalized_variance,pollen.spd1.0100.png,100,10.755000000000077,23.11412637018735,10.752305440047783,0.9480705433814781,False,0.7466250099241734,0.020455858306615848
pollen.spd1,squared_gradient,pollen.spd1.0097.png,97,10.740000000000075,1126.4410231345714,,0.7562424435102573,True,0.7150829769670963,3.410377302633235
pollen.spd1,brenner,pollen.spd1.0097.png,97,10.740000000000075,40.55490408920417,10.743679756925305,0.6804073517471775,True,0.7149167358875275,1.7915904499528166
pollen.spd1,brenner_squared,pollen.spd1.0097.png,97,10.740000000000075,2664.9835494129156,10.743738034768535,0.6863429498211386,True,0.7234173826873302,3.2742719014347146
pollen.spd1,laplacian_variance,pollen.spd1.0098.png,98,10.745000000000076,107342.65742494275,10.748049256526583,0.9658765742071009,True,1.4044581912457943,0.5039301786936398
pollen.spd1,tenengrad,pollen.spd1.0100.png,100,10.755000000000077,47035.40158589681,10.752822351618777,0.9599565079818831,True,2.2253752686083317,0.33053761805562687
pollen.spd1,entropy,pollen.spd1.0097.png,97,10.740000000000075,7.613814594556415,,0.9208487116013162,True,2.2150003351271152,0.004032871852748229
pollen.spd1,autocorrelation,pollen.spd1.0097.png,97,10.740000000000075,787.1273060379974,10.738130568088641,0.5647588747909218,True,0.9263749234378338,0.388756907400766
pollen.spd1,wavelet1,pollen.spd1.0097.png,97,10.740000000000075,72.28006490071616,,0.7827657692317361,True,1.7588329501450062,1.2939137513274197
pollen.spd1,wavelet2,pollen.spd1.0097.png,97,10.740000000000075,1211.3813055735857,,0.8190363458571289,True,2.0565837621688843,1.4779747383539767
pollen.spd1,modified_laplacian,pollen.spd1.0097.png,97,10.740000000000075,103.08816782633464,,0.7473581975119549,True,2.036374993622303,1.7608791235683652
pollen.spd1,gaussian_derivative,pollen.spd1.0100.png,100,10.755000000000077,226.63616850233527,10.757064252748787,0.9056405236274162,True,3.590499982237816,0.5446013758860414
pollen.spd1,tenengrad_variance,pollen.spd1.0100.png,100,10.755000000000077,11778.625125318562,10.754397386835176,0.9064030404837573,False,2.8758752159774303,0.6412286976041713
pollen.spd2,normalized_variance,pollen.spd2.0099.png,99,10.750000000000076,21.11284479329161,10.745985207783978,0.9216729174632957,True,0.723124947398901,0.09886188577600093
pollen.spd2,squared_gradient,pollen.spd2.0099.png,99,10.750000000000076,1040.9033798163082,10.74832012632665,0.9903848879617889,True,0.6979582831263542,0.22095344930491873
pollen.spd2,brenner,pollen.spd2.0099.png,99,10.750000000000076,37.52527978228963,10.747477949663269,0.9651239625224897,True,0.6955000571906567,0.19189947307347952
pollen.spd2,brenner_squared,pollen.spd2.0099.png,99,10.750000000000076,2311.6349656515004,10.74830749946401,0.970072651013805,True,0.7031247951090336,0.36995661135247904
pollen.spd2,laplacian_variance,pollen.spd2.0097.png,97,10.740000000000075,76704.99032480476,10.741143568799886,0.9401884152260147,True,1.363708171993494,0.2521120192695713
pollen.spd2,tenengrad,pollen.spd2.0099.png,99,10.750000000000076,37565.73886617025,10.74835877411362,0.9775109483869159,True,2.1400838159024715,0.15246064299364143
pollen.spd2,entropy,pollen.spd2.0097.png,97,10.740000000000075,7.561296494581194,10.740065073553392,0.5233764710120393,True,2.1543330512940884,0.061774039886097594
pollen.spd2,autocorrelation,pollen.spd2.0099.png,99,10.750000000000076,652.7272746962655,10.748340488954792,0.9573935341853054,True,0.896042212843895,0.46045519636578464
pollen.spd2,wavelet1,pollen.spd2.0098.png,98,10.745000000000076,65.05865478515625,10.74359406637952,0.9961050623604195,True,1.6962923109531403,0.04218574046920403
pollen.spd2,wavelet2,pollen.spd2.0098.png,98,10.745000000000076,970.4827260967447,10.74243763518624,0.8911614294777069,True,1.99458422139287,0.5708081199266919
pollen.spd2,modified_laplacian,pollen.spd2.0097.png,97,10.740000000000075,92.71423721313477,10.742099338401912,0.9585095614108511,True,1.9739591516554356,0.2366257755788651
pollen.spd2,gaussian_derivative,pollen.spd2.0099.png,99,10.750000000000076,184.30016678095205,10.752808365048,0.9924877367954394,True,3.4942920319736004,0.07561947567019013
pollen.spd2,tenengrad_variance,pollen.spd2.0099.png,99,10.750000000000076,9746.824387436107,10.750069421883547,0.8383308615482975,True,2.7813748456537724,0.29692032890237463
pollen.spd3,normalized_variance,pollen.spd3.0098.png,98,10.745000000000076,19.1895485076802,10.744481574317101,0.9436971842896407,False,0.7429160177707672,0.5274142188527772
pollen.spd3,squared_gradient,pollen.spd3.0098.png,98,10.745000000000076,884.5250985153959,10.7473629080077,0.9927628708538349,True,0.7115420885384083,0.165748378851398
pollen.spd3,brenner,pollen.spd3.0098.png,98,10.745000000000076,32.90490842098826,10.745944076372345,0.9949918708332403,False,0.708666630089283,0.3134209016162192
pollen.spd3,brenner_squared,pollen.spd3.0098.png,98,10.745000000000076,1815.349986495026,10.746350779122544,0.9954946516635481,False,0.7183747366070747,0.5987872038962947
pollen.spd3,laplacian_variance,pollen.spd3.0097.png,97,10.740000000000075,57637.92336745031,10.740753624621748,0.9984992539197585,True,1.3952907174825668,0.8170060792094989
pollen.spd3,tenengrad,pollen.spd3.0098.png,98,10.745000000000076,30088.605806986492,10.746362711057515,0.9932067101671883,False,2.217582892626524,0.6555100106853988
pollen.spd3,entropy,pollen.spd3.0098.png,98,10.745000000000076,7.502065922655709,10.741434763140669,0.9778229939905105,False,2.223874907940626,0.02061033627144539
pollen.spd3,autocorrelation,pollen.spd3.0098.png,98,10.745000000000076,482.43885941576974,10.74547874668408,0.9842100059700927,False,0.9223339147865772,0.8639469662644358
pollen.spd3,wavelet1,pollen.spd3.0098.png,98,10.745000000000076,57.594983418782554,10.742986007402193,0.9918614136706394,True,1.7292918637394905,0.203715512011629
pollen.spd3,wavelet2,pollen.spd3.0097.png,97,10.740000000000075,771.9874511475274,10.742154445289929,0.9988986099797387,True,2.0362078212201595,0.13335116585274262
pollen.spd3,modified_laplacian,pollen.spd3.0098.png,98,10.745000000000076,82.4868049621582,10.742118770815171,0.9944779565584422,True,2.0332499407231808,0.019750189697864684
pollen.spd3,gaussian_derivative,pollen.spd3.0099.png,99,10.750000000000076,156.06708628426767,10.750922828643763,0.9496591392362773,False,3.576792310923338,0.12090497784297866
pollen.spd3,tenengrad_variance,pollen.spd3.0098.png,98,10.745000000000076,8523.813681938003,10.747291674692748,0.9683438465136482,True,2.866125199943781,0.9289536984028063
pollen.spd5,normalized_variance,pollen.spd5.0098.png,98,10.745000000000076,16.858515916131967,10.744542643071384,0.985462442836416,False,0.7390421815216541,0.47704759527770324
pollen.spd5,squared_gradient,pollen.spd5.0098.png,98,10.745000000000076,569.1109851030466,10.746192734882447,0.9978419225694259,True,0.7185833528637886,1.2446616952997946
pollen.spd5,brenner,pollen.spd5.0098.png,98,10.745000000000076,26.329229604941293,10.745480614816255,0.9902304959477878,True,0.7183332927525043,0.8335741912918831
pollen.spd5,brenner_squared,pollen.spd5.0098.png,98,10.745000000000076,1302.570724019488,10.745268566964866,0.9949286420017123,True,0.7258746773004532,1.585545056901117
pollen.spd5,laplacian_variance,pollen.spd5.0097.png,97,10.740000000000075,36834.58830275138,10.740772729775085,0.9977740912755984,True,1.4030407182872295,2.0612988201793443
pollen.spd5,tenengrad,pollen.spd5.0098.png,98,10.745000000000076,23342.753092447918,10.746030894418853,0.9991680436874878,False,2.210875041782856,0.7794733135601123
pollen.spd5,entropy,pollen.spd5.0098.png,98,10.745000000000076,7.394041671881041,10.743203232917796,0.9898980940391648,False,2.2510411217808723,0.026940961399205987
pollen.spd5,autocorrelation,pollen.spd5.0098.png,98,10.745000000000076,383.4548207660633,10.744344459819192,0.9916576938229614,False,0.9239581413567066,0.8399524534088539
pollen.spd5,wavelet1,pollen.spd5.0098.png,98,10.745000000000076,43.67005157470703,10.743329466153348,0.9931774332663573,False,1.7441660165786743,0.2948270366880683
pollen.spd5,wavelet2,pollen.spd5.0097.png,97,10.740000000000075,578.4803268164396,10.741118952817638,0.9948002542867225,True,2.0482908003032207,1.3319378189079596
pollen.spd5,modified_laplacian,pollen.spd5.0097.png,97,10.740000000000075,60.06977208455404,10.742340595325627,0.9983057176838176,True,2.0239995792508125,0.09206662098440249
pollen.spd5,gaussian_derivative,pollen.spd5.0099.png,99,10.750000000000076,134.3803077392496,10.75026274237436,0.9989521241183524,False,3.582749981433153,0.6232719479945399
pollen.spd5,tenengrad_variance,pollen.spd5.0098.png,98,10.745000000000076,8386.599905485253,10.746170438155557,0.996449101374044,False,2.8638746589422226,0.22865272295755937
