dataset,method,score_rank,image_sequence_1_based,filename,original_full_path,working_distance_mm,focus_score
pollen.spd1,normalized_variance,1,100,pollen.spd1.0100.png,/Users/kobe/workspace/ARMAC/M1/computer_vision/Documents for autofocusing app/pollen.spd1/pollen.spd1.0100.png,10.755000000000077,23.11412637018735
pollen.spd1,normalized_variance,2,99,pollen.spd1.0099.png,/Users/kobe/workspace/ARMAC/M1/computer_vision/Documents for autofocusing app/pollen.spd1/pollen.spd1.0099.png,10.750000000000076,23.109398177248252
pollen.spd1,normalized_variance,3,97,pollen.spd1.0097.png,/Users/kobe/workspace/ARMAC/M1/computer_vision/Documents for autofocusing app/pollen.spd1/pollen.spd1.0097.png,10.740000000000075,23.065494765693973
pollen.spd1,squared_gradient,1,97,pollen.spd1.0097.png,/Users/kobe/workspace/ARMAC/M1/computer_vision/Documents for autofocusing app/pollen.spd1/pollen.spd1.0097.png,10.740000000000075,1126.4410231345714
pollen.spd1,squared_gradient,2,100,pollen.spd1.0100.png,/Users/kobe/workspace/ARMAC/M1/computer_vision/Documents for autofocusing app/pollen.spd1/pollen.spd1.0100.png,10.755000000000077,1088.0251341540404
pollen.spd1,squared_gradient,3,99,pollen.spd1.0099.png,/Users/kobe/workspace/ARMAC/M1/computer_vision/Documents for autofocusing app/pollen.spd1/pollen.spd1.0099.png,10.750000000000076,1086.8218793275496
pollen.spd1,brenner,1,97,pollen.spd1.0097.png,/Users/kobe/workspace/ARMAC/M1/computer_vision/Documents for autofocusing app/pollen.spd1/pollen.spd1.0097.png,10.740000000000075,40.55490408920417
pollen.spd1,brenner,2,99,pollen.spd1.0099.png,/Users/kobe/workspace/ARMAC/M1/computer_vision/Documents for autofocusing app/pollen.spd1/pollen.spd1.0099.png,10.750000000000076,39.828326300554465
pollen.spd1,brenner,3,98,pollen.spd1.0098.png,/Users/kobe/workspace/ARMAC/M1/computer_vision/Documents for autofocusing app/pollen.spd1/pollen.spd1.0098.png,10.745000000000076,39.81511308504566
pollen.spd1,brenner_squared,1,97,pollen.spd1.0097.png,/Users/kobe/workspace/ARMAC/M1/computer_vision/Documents for autofocusing app/pollen.spd1/pollen.spd1.0097.png,10.740000000000075,2664.9835494129156
pollen.spd1,brenner_squared,2,100,pollen.spd1.0100.png,/Users/kobe/workspace/ARMAC/M1/computer_vision/Documents for autofocusing app/pollen.spd1/pollen.spd1.0100.png,10.755000000000077,2577.724741876631
pollen.spd1,brenner_squared,3,99,pollen.spd1.0099.png,/Users/kobe/workspace/ARMAC/M1/computer_vision/Documents for autofocusing app/pollen.spd1/pollen.spd1.0099.png,10.750000000000076,2576.5925447447817
pollen.spd1,laplacian_variance,1,98,pollen.spd1.0098.png,/Users/kobe/workspace/ARMAC/M1/computer_vision/Documents for autofocusing app/pollen.spd1/pollen.spd1.0098.png,10.745000000000076,107342.65742494275
pollen.spd1,laplacian_variance,2,99,pollen.spd1.0099.png,/Users/kobe/workspace/ARMAC/M1/computer_vision/Documents for autofocusing app/pollen.spd1/pollen.spd1.0099.png,10.750000000000076,106801.72537956673
pollen.spd1,laplacian_variance,3,100,pollen.spd1.0100.png,/Users/kobe/workspace/ARMAC/M1/computer_vision/Documents for autofocusing app/pollen.spd1/pollen.spd1.0100.png,10.755000000000077,105907.8151278892
pollen.spd1,tenengrad,1,100,pollen.spd1.0100.png,/Users/kobe/workspace/ARMAC/M1/computer_vision/Documents for autofocusing app/pollen.spd1/pollen.spd1.0100.png,10.755000000000077,47035.40158589681
pollen.spd1,tenengrad,2,99,pollen.spd1.0099.png,/Users/kobe/workspace/ARMAC/M1/computer_vision/Documents for autofocusing app/pollen.spd1/pollen.spd1.0099.png,10.750000000000076,46879.93188985189
pollen.spd1,tenengrad,3,97,pollen.spd1.0097.png,/Users/kobe/workspace/ARMAC/M1/computer_vision/Documents for autofocusing app/pollen.spd1/pollen.spd1.0097.png,10.740000000000075,46771.248051961265
pollen.spd1,entropy,1,97,pollen.spd1.0097.png,/Users/kobe/workspace/ARMAC/M1/computer_vision/Documents for autofocusing app/pollen.spd1/pollen.spd1.0097.png,10.740000000000075,7.613814594556415
pollen.spd1,entropy,2,99,pollen.spd1.0099.png,/Users/kobe/workspace/ARMAC/M1/computer_vision/Documents for autofocusing app/pollen.spd1/pollen.spd1.0099.png,10.750000000000076,7.613507539170711
pollen.spd1,entropy,3,98,pollen.spd1.0098.png,/Users/kobe/workspace/ARMAC/M1/computer_vision/Documents for autofocusing app/pollen.spd1/pollen.spd1.0098.png,10.745000000000076,7.611633374893032
pollen.spd1,autocorrelation,1,97,pollen.spd1.0097.png,/Users/kobe/workspace/ARMAC/M1/computer_vision/Documents for autofocusing app/pollen.spd1/pollen.spd1.0097.png,10.740000000000075,787.1273060379974
pollen.spd1,autocorrelation,2,103,pollen.spd1.0103.png,/Users/kobe/workspace/ARMAC/M1/computer_vision/Documents for autofocusing app/pollen.spd1/pollen.spd1.0103.png,10.77000000000008,784.0672942657371
pollen.spd1,autocorrelation,3,96,pollen.spd1.0096.png,/Users/kobe/workspace/ARMAC/M1/computer_vision/Documents for autofocusing app/pollen.spd1/pollen.spd1.0096.png,10.735000000000074,778.7619557240705
pollen.spd1,wavelet1,1,97,pollen.spd1.0097.png,/Users/kobe/workspace/ARMAC/M1/computer_vision/Documents for autofocusing app/pollen.spd1/pollen.spd1.0097.png,10.740000000000075,72.28006490071616
pollen.spd1,wavelet1,2,99,pollen.spd1.0099.png,/Users/kobe/workspace/ARMAC/M1/computer_vision/Documents for autofocusing app/pollen.spd1/pollen.spd1.0099.png,10.750000000000076,71.3448232014974
pollen.spd1,wavelet1,3,98,pollen.spd1.0098.png,/Users/kobe/workspace/ARMAC/M1/computer_vision/Documents for autofocusing app/pollen.spd1/pollen.spd1.0098.png,10.745000000000076,71.30717468261719
pollen.spd1,wavelet2,1,97,pollen.spd1.0097.png,/Users/kobe/workspace/ARMAC/M1/computer_vision/Documents for autofocusing app/pollen.spd1/pollen.spd1.0097.png,10.740000000000075,1211.3813055735857
pollen.spd1,wavelet2,2,98,pollen.spd1.0098.png,/Users/kobe/workspace/ARMAC/M1/computer_vision/Documents for autofocusing app/pollen.spd1/pollen.spd1.0098.png,10.745000000000076,1193.4773958920655
pollen.spd1,wavelet2,3,99,pollen.spd1.0099.png,/Users/kobe/workspace/ARMAC/M1/computer_vision/Documents for autofocusing app/pollen.spd1/pollen.spd1.0099.png,10.750000000000076,1188.64619682499
pollen.spd1,modified_laplacian,1,97,pollen.spd1.0097.png,/Users/kobe/workspace/ARMAC/M1/computer_vision/Documents for autofocusing app/pollen.spd1/pollen.spd1.0097.png,10.740000000000075,103.08816782633464
pollen.spd1,modified_laplacian,2,98,pollen.spd1.0098.png,/Users/kobe/workspace/ARMAC/M1/computer_vision/Documents for autofocusing app/pollen.spd1/pollen.spd1.0098.png,10.745000000000076,101.2729098002116
pollen.spd1,modified_laplacian,3,99,pollen.spd1.0099.png,/Users/kobe/workspace/ARMAC/M1/computer_vision/Documents for autofocusing app/pollen.spd1/pollen.spd1.0099.png,10.750000000000076,101.18111928304036
pollen.spd1,gaussian_derivative,1,100,pollen.spd1.0100.png,/Users/kobe/workspace/ARMAC/M1/computer_vision/Documents for autofocusing app/pollen.spd1/pollen.spd1.0100.png,10.755000000000077,226.63616850233527
pollen.spd1,gaussian_derivative,2,101,pollen.spd1.0101.png,/Users/kobe/workspace/ARMAC/M1/computer_vision/Documents for autofocusing app/pollen.spd1/pollen.spd1.0101.png,10.760000000000078,225.40190481041614
pollen.spd1,gaussian_derivative,3,102,pollen.spd1.0102.png,/Users/kobe/workspace/ARMAC/M1/computer_vision/Documents for autofocusing app/pollen.spd1/pollen.spd1.0102.png,10.765000000000079,224.6617217335366
pollen.spd1,tenengrad_variance,1,100,pollen.spd1.0100.png,/Users/kobe/workspace/ARMAC/M1/computer_vision/Documents for autofocusing app/pollen.spd1/pollen.spd1.0100.png,10.755000000000077,11778.625125318562
pollen.spd1,tenengrad_variance,2,99,pollen.spd1.0099.png,/Users/kobe/workspace/ARMAC/M1/computer_vision/Documents for autofocusing app/pollen.spd1/pollen.spd1.0099.png,10.750000000000076,11703.097200831804
pollen.spd1,tenengrad_variance,3,101,pollen.spd1.0101.png,/Users/kobe/workspace/ARMAC/M1/computer_vision/Documents for autofocusing app/pollen.spd1/pollen.spd1.0101.png,10.760000000000078,11696.80468258819
pollen.spd2,normalized_variance,1,99,pollen.spd2.0099.png,/Users/kobe/workspace/ARMAC/M1/computer_vision/Documents for autofocusing app/pollen.spd2/pollen.spd2.0099.png,10.750000000000076,21.11284479329161
pollen.spd2,normalized_variance,2,97,pollen.spd2.0097.png,/Users/kobe/workspace/ARMAC/M1/computer_vision/Documents for autofocusing app/pollen.spd2/pollen.spd2.0097.png,10.740000000000075,21.091972236788003
pollen.spd2,normalized_variance,3,98,pollen.spd2.0098.png,/Users/kobe/workspace/ARMAC/M1/computer_vision/Documents for autofocusing app/pollen.spd2/pollen.spd2.0098.png,10.745000000000076,21.07177071400855
pollen.spd2,squared_gradient,1,99,pollen.spd2.0099.png,/Users/kobe/workspace/ARMAC/M1/computer_vision/Documents for autofocusing app/pollen.spd2/pollen.spd2.0099.png,10.750000000000076,1040.9033798163082
pollen.spd2,squared_gradient,2,98,pollen.spd2.0098.png,/Users/kobe/workspace/ARMAC/M1/computer_vision/Documents for autofocusing app/pollen.spd2/pollen.spd2.0098.png,10.745000000000076,1038.6034678946726
pollen.spd2,squared_gradient,3,100,pollen.spd2.0100.png,/Users/kobe/workspace/ARMAC/M1/computer_vision/Documents for autofocusing app/pollen.spd2/pollen.spd2.0100.png,10.755000000000077,1032.2232302867383
pollen.spd2,brenner,1,99,pollen.spd2.0099.png,/Users/kobe/workspace/ARMAC/M1/computer_vision/Documents for autofocusing app/pollen.spd2/pollen.spd2.0099.png,10.750000000000076,37.52527978228963
pollen.spd2,brenner,2,98,pollen.spd2.0098.png,/Users/kobe/workspace/ARMAC/M1/computer_vision/Documents for autofocusing app/pollen.spd2/pollen.spd2.0098.png,10.745000000000076,37.45326896811807
pollen.spd2,brenner,3,97,pollen.spd2.0097.png,/Users/kobe/workspace/ARMAC/M1/computer_vision/Documents for autofocusing app/pollen.spd2/pollen.spd2.0097.png,10.740000000000075,37.35138158431181
pollen.spd2,brenner_squared,1,99,pollen.spd2.0099.png,/Users/kobe/workspace/ARMAC/M1/computer_vision/Documents for autofocusing app/pollen.spd2/pollen.spd2.0099.png,10.750000000000076,2311.6349656515004
pollen.spd2,brenner_squared,2,98,pollen.spd2.0098.png,/Users/kobe/workspace/ARMAC/M1/computer_vision/Documents for autofocusing app/pollen.spd2/pollen.spd2.0098.png,10.745000000000076,2303.082919265737
pollen.spd2,brenner_squared,3,100,pollen.spd2.0100.png,/Users/kobe/workspace/ARMAC/M1/computer_vision/Documents for autofocusing app/pollen.spd2/pollen.spd2.0100.png,10.755000000000077,2287.0620464367253
pollen.spd2,laplacian_variance,1,97,pollen.spd2.0097.png,/Users/kobe/workspace/ARMAC/M1/computer_vision/Documents for autofocusing app/pollen.spd2/pollen.spd2.0097.png,10.740000000000075,76704.99032480476
pollen.spd2,laplacian_variance,2,96,pollen.spd2.0096.png,/Users/kobe/workspace/ARMAC/M1/computer_vision/Documents for autofocusing app/pollen.spd2/pollen.spd2.0096.png,10.735000000000074,76511.60782481637
pollen.spd2,laplacian_variance,3,98,pollen.spd2.0098.png,/Users/kobe/workspace/ARMAC/M1/computer_vision/Documents for autofocusing app/pollen.spd2/pollen.spd2.0098.png,10.745000000000076,76403.33688725204
pollen.spd2,tenengrad,1,99,pollen.spd2.0099.png,/Users/kobe/workspace/ARMAC/M1/computer_vision/Documents for autofocusing app/pollen.spd2/pollen.spd2.0099.png,10.750000000000076,37565.73886617025
pollen.spd2,tenengrad,2,98,pollen.spd2.0098.png,/Users/kobe/workspace/ARMAC/M1/computer_vision/Documents for autofocusing app/pollen.spd2/pollen.spd2.0098.png,10.745000000000076,37508.465899149574
pollen.spd2,tenengrad,3,100,pollen.spd2.0100.png,/Users/kobe/workspace/ARMAC/M1/computer_vision/Documents for autofocusing app/pollen.spd2/pollen.spd2.0100.png,10.755000000000077,37180.856938680015
pollen.spd2,entropy,1,97,pollen.spd2.0097.png,/Users/kobe/workspace/ARMAC/M1/computer_vision/Documents for autofocusing app/pollen.spd2/pollen.spd2.0097.png,10.740000000000075,7.561296494581194
pollen.spd2,entropy,2,98,pollen.spd2.0098.png,/Users/kobe/workspace/ARMAC/M1/computer_vision/Documents for autofocusing app/pollen.spd2/pollen.spd2.0098.png,10.745000000000076,7.5566255762687256
pollen.spd2,entropy,3,96,pollen.spd2.0096.png,/Users/kobe/workspace/ARMAC/M1/computer_vision/Documents for autofocusing app/pollen.spd2/pollen.spd2.0096.png,10.735000000000074,7.555547851642833
pollen.spd2,autocorrelation,1,99,pollen.spd2.0099.png,/Users/kobe/workspace/ARMAC/M1/computer_vision/Documents for autofocusing app/pollen.spd2/pollen.spd2.0099.png,10.750000000000076,652.7272746962655
pollen.spd2,autocorrelation,2,98,pollen.spd2.0098.png,/Users/kobe/workspace/ARMAC/M1/computer_vision/Documents for autofocusing app/pollen.spd2/pollen.spd2.0098.png,10.745000000000076,649.7217580418297
pollen.spd2,autocorrelation,3,100,pollen.spd2.0100.png,/Users/kobe/workspace/ARMAC/M1/computer_vision/Documents for autofocusing app/pollen.spd2/pollen.spd2.0100.png,10.755000000000077,645.1929287446999
pollen.spd2,wavelet1,1,98,pollen.spd2.0098.png,/Users/kobe/workspace/ARMAC/M1/computer_vision/Documents for autofocusing app/pollen.spd2/pollen.spd2.0098.png,10.745000000000076,65.05865478515625
pollen.spd2,wavelet1,2,97,pollen.spd2.0097.png,/Users/kobe/workspace/ARMAC/M1/computer_vision/Documents for autofocusing app/pollen.spd2/pollen.spd2.0097.png,10.740000000000075,65.03120930989583
pollen.spd2,wavelet1,3,99,pollen.spd2.0099.png,/Users/kobe/workspace/ARMAC/M1/computer_vision/Documents for autofocusing app/pollen.spd2/pollen.spd2.0099.png,10.750000000000076,64.9250005086263
pollen.spd2,wavelet2,1,98,pollen.spd2.0098.png,/Users/kobe/workspace/ARMAC/M1/computer_vision/Documents for autofocusing app/pollen.spd2/pollen.spd2.0098.png,10.745000000000076,970.4827260967447
pollen.spd2,wavelet2,2,99,pollen.spd2.0099.png,/Users/kobe/workspace/ARMAC/M1/computer_vision/Documents for autofocusing app/pollen.spd2/pollen.spd2.0099.png,10.750000000000076,964.9431318936986
pollen.spd2,wavelet2,3,97,pollen.spd2.0097.png,/Users/kobe/workspace/ARMAC/M1/computer_vision/Documents for autofocusing app/pollen.spd2/pollen.spd2.0097.png,10.740000000000075,964.7251329594292
pollen.spd2,modified_laplacian,1,97,pollen.spd2.0097.png,/Users/kobe/workspace/ARMAC/M1/computer_vision/Documents for autofocusing app/pollen.spd2/pollen.spd2.0097.png,10.740000000000075,92.71423721313477
pollen.spd2,modified_laplacian,2,98,pollen.spd2.0098.png,/Users/kobe/workspace/ARMAC/M1/computer_vision/Documents for autofocusing app/pollen.spd2/pollen.spd2.0098.png,10.745000000000076,92.49485143025716
pollen.spd2,modified_laplacian,3,96,pollen.spd2.0096.png,/Users/kobe/workspace/ARMAC/M1/computer_vision/Documents for autofocusing app/pollen.spd2/pollen.spd2.0096.png,10.735000000000074,92.37951405843098
pollen.spd2,gaussian_derivative,1,99,pollen.spd2.0099.png,/Users/kobe/workspace/ARMAC/M1/computer_vision/Documents for autofocusing app/pollen.spd2/pollen.spd2.0099.png,10.750000000000076,184.30016678095205
pollen.spd2,gaussian_derivative,2,100,pollen.spd2.0100.png,/Users/kobe/workspace/ARMAC/M1/computer_vision/Documents for autofocusing app/pollen.spd2/pollen.spd2.0100.png,10.755000000000077,184.160799961173
pollen.spd2,gaussian_derivative,3,101,pollen.spd2.0101.png,/Users/kobe/workspace/ARMAC/M1/computer_vision/Documents for autofocusing app/pollen.spd2/pollen.spd2.0101.png,10.760000000000078,183.25790525471498
pollen.spd2,tenengrad_variance,1,99,pollen.spd2.0099.png,/Users/kobe/workspace/ARMAC/M1/computer_vision/Documents for autofocusing app/pollen.spd2/pollen.spd2.0099.png,10.750000000000076,9746.824387436107
pollen.spd2,tenengrad_variance,2,98,pollen.spd2.0098.png,/Users/kobe/workspace/ARMAC/M1/computer_vision/Documents for autofocusing app/pollen.spd2/pollen.spd2.0098.png,10.745000000000076,9717.884084407395
pollen.spd2,tenengrad_variance,3,100,pollen.spd2.0100.png,/Users/kobe/workspace/ARMAC/M1/computer_vision/Documents for autofocusing app/pollen.spd2/pollen.spd2.0100.png,10.755000000000077,9624.294068760746
pollen.spd3,normalized_variance,1,98,pollen.spd3.0098.png,/Users/kobe/workspace/ARMAC/M1/computer_vision/Documents for autofocusing app/pollen.spd3/pollen.spd3.0098.png,10.745000000000076,19.1895485076802
pollen.spd3,normalized_variance,2,99,pollen.spd3.0099.png,/Users/kobe/workspace/ARMAC/M1/computer_vision/Documents for autofocusing app/pollen.spd3/pollen.spd3.0099.png,10.750000000000076,19.088340100317044
pollen.spd3,normalized_variance,3,97,pollen.spd3.0097.png,/Users/kobe/workspace/ARMAC/M1/computer_vision/Documents for autofocusing app/pollen.spd3/pollen.spd3.0097.png,10.740000000000075,19.07702758908904
pollen.spd3,squared_gradient,1,98,pollen.spd3.0098.png,/Users/kobe/workspace/ARMAC/M1/computer_vision/Documents for autofocusing app/pollen.spd3/pollen.spd3.0098.png,10.745000000000076,884.5250985153959
pollen.spd3,squared_gradient,2,99,pollen.spd3.0099.png,/Users/kobe/workspace/ARMAC/M1/computer_vision/Documents for autofocusing app/pollen.spd3/pollen.spd3.0099.png,10.750000000000076,883.0590125040729
pollen.spd3,squared_gradient,3,100,pollen.spd3.0100.png,/Users/kobe/workspace/ARMAC/M1/computer_vision/Documents for autofocusing app/pollen.spd3/pollen.spd3.0100.png,10.755000000000077,870.0830138583415
pollen.spd3,brenner,1,98,pollen.spd3.0098.png,/Users/kobe/workspace/ARMAC/M1/computer_vision/Documents for autofocusing app/pollen.spd3/pollen.spd3.0098.png,10.745000000000076,32.90490842098826
pollen.spd3,brenner,2,99,pollen.spd3.0099.png,/Users/kobe/workspace/ARMAC/M1/computer_vision/Documents for autofocusing app/pollen.spd3/pollen.spd3.0099.png,10.750000000000076,32.801777560339204
pollen.spd3,brenner,3,97,pollen.spd3.0097.png,/Users/kobe/workspace/ARMAC/M1/computer_vision/Documents for autofocusing app/pollen.spd3/pollen.spd3.0097.png,10.740000000000075,32.75327941536204
pollen.spd3,brenner_squared,1,98,pollen.spd3.0098.png,/Users/kobe/workspace/ARMAC/M1/computer_vision/Documents for autofocusing app/pollen.spd3/pollen.spd3.0098.png,10.745000000000076,1815.349986495026
pollen.spd3,brenner_squared,2,99,pollen.spd3.0099.png,/Users/kobe/workspace/ARMAC/M1/computer_vision/Documents for autofocusing app/pollen.spd3/pollen.spd3.0099.png,10.750000000000076,1804.4799030699608
pollen.spd3,brenner_squared,3,97,pollen.spd3.0097.png,/Users/kobe/workspace/ARMAC/M1/computer_vision/Documents for autofocusing app/pollen.spd3/pollen.spd3.0097.png,10.740000000000075,1791.763260355512
pollen.spd3,laplacian_variance,1,97,pollen.spd3.0097.png,/Users/kobe/workspace/ARMAC/M1/computer_vision/Documents for autofocusing app/pollen.spd3/pollen.spd3.0097.png,10.740000000000075,57637.92336745031
pollen.spd3,laplacian_variance,2,98,pollen.spd3.0098.png,/Users/kobe/workspace/ARMAC/M1/computer_vision/Documents for autofocusing app/pollen.spd3/pollen.spd3.0098.png,10.745000000000076,57167.01802960813
pollen.spd3,laplacian_variance,3,96,pollen.spd3.0096.png,/Users/kobe/workspace/ARMAC/M1/computer_vision/Documents for autofocusing app/pollen.spd3/pollen.spd3.0096.png,10.735000000000074,56722.0536950766
pollen.spd3,tenengrad,1,98,pollen.spd3.0098.png,/Users/kobe/workspace/ARMAC/M1/computer_vision/Documents for autofocusing app/pollen.spd3/pollen.spd3.0098.png,10.745000000000076,30088.605806986492
pollen.spd3,tenengrad,2,99,pollen.spd3.0099.png,/Users/kobe/workspace/ARMAC/M1/computer_vision/Documents for autofocusing app/pollen.spd3/pollen.spd3.0099.png,10.750000000000076,29891.371983846027
pollen.spd3,tenengrad,3,97,pollen.spd3.0097.png,/Users/kobe/workspace/ARMAC/M1/computer_vision/Documents for autofocusing app/pollen.spd3/pollen.spd3.0097.png,10.740000000000075,29695.438906351726
pollen.spd3,entropy,1,98,pollen.spd3.0098.png,/Users/kobe/workspace/ARMAC/M1/computer_vision/Documents for autofocusing app/pollen.spd3/pollen.spd3.0098.png,10.745000000000076,7.502065922655709
pollen.spd3,entropy,2,97,pollen.spd3.0097.png,/Users/kobe/workspace/ARMAC/M1/computer_vision/Documents for autofocusing app/pollen.spd3/pollen.spd3.0097.png,10.740000000000075,7.500519721641744
pollen.spd3,entropy,3,96,pollen.spd3.0096.png,/Users/kobe/workspace/ARMAC/M1/computer_vision/Documents for autofocusing app/pollen.spd3/pollen.spd3.0096.png,10.735000000000074,7.499193156779496
pollen.spd3,autocorrelation,1,98,pollen.spd3.0098.png,/Users/kobe/workspace/ARMAC/M1/computer_vision/Documents for autofocusing app/pollen.spd3/pollen.spd3.0098.png,10.745000000000076,482.43885941576974
pollen.spd3,autocorrelation,2,97,pollen.spd3.0097.png,/Users/kobe/workspace/ARMAC/M1/computer_vision/Documents for autofocusing app/pollen.spd3/pollen.spd3.0097.png,10.740000000000075,478.27084352576645
pollen.spd3,autocorrelation,3,99,pollen.spd3.0099.png,/Users/kobe/workspace/ARMAC/M1/computer_vision/Documents for autofocusing app/pollen.spd3/pollen.spd3.0099.png,10.750000000000076,477.7378761007828
pollen.spd3,wavelet1,1,98,pollen.spd3.0098.png,/Users/kobe/workspace/ARMAC/M1/computer_vision/Documents for autofocusing app/pollen.spd3/pollen.spd3.0098.png,10.745000000000076,57.594983418782554
pollen.spd3,wavelet1,2,97,pollen.spd3.0097.png,/Users/kobe/workspace/ARMAC/M1/computer_vision/Documents for autofocusing app/pollen.spd3/pollen.spd3.0097.png,10.740000000000075,57.47765350341797
pollen.spd3,wavelet1,3,99,pollen.spd3.0099.png,/Users/kobe/workspace/ARMAC/M1/computer_vision/Documents for autofocusing app/pollen.spd3/pollen.spd3.0099.png,10.750000000000076,57.040382385253906
pollen.spd3,wavelet2,1,97,pollen.spd3.0097.png,/Users/kobe/workspace/ARMAC/M1/computer_vision/Documents for autofocusing app/pollen.spd3/pollen.spd3.0097.png,10.740000000000075,771.9874511475274
pollen.spd3,wavelet2,2,98,pollen.spd3.0098.png,/Users/kobe/workspace/ARMAC/M1/computer_vision/Documents for autofocusing app/pollen.spd3/pollen.spd3.0098.png,10.745000000000076,770.9579968811853
pollen.spd3,wavelet2,3,96,pollen.spd3.0096.png,/Users/kobe/workspace/ARMAC/M1/computer_vision/Documents for autofocusing app/pollen.spd3/pollen.spd3.0096.png,10.735000000000074,759.2011774611503
pollen.spd3,modified_laplacian,1,98,pollen.spd3.0098.png,/Users/kobe/workspace/ARMAC/M1/computer_vision/Documents for autofocusing app/pollen.spd3/pollen.spd3.0098.png,10.745000000000076,82.4868049621582
pollen.spd3,modified_laplacian,2,97,pollen.spd3.0097.png,/Users/kobe/workspace/ARMAC/M1/computer_vision/Documents for autofocusing app/pollen.spd3/pollen.spd3.0097.png,10.740000000000075,82.47051366170247
pollen.spd3,modified_laplacian,3,96,pollen.spd3.0096.png,/Users/kobe/workspace/ARMAC/M1/computer_vision/Documents for autofocusing app/pollen.spd3/pollen.spd3.0096.png,10.735000000000074,81.79627990722656
pollen.spd3,gaussian_derivative,1,99,pollen.spd3.0099.png,/Users/kobe/workspace/ARMAC/M1/computer_vision/Documents for autofocusing app/pollen.spd3/pollen.spd3.0099.png,10.750000000000076,156.06708628426767
pollen.spd3,gaussian_derivative,2,98,pollen.spd3.0098.png,/Users/kobe/workspace/ARMAC/M1/computer_vision/Documents for autofocusing app/pollen.spd3/pollen.spd3.0098.png,10.745000000000076,155.8783934081755
pollen.spd3,gaussian_derivative,3,100,pollen.spd3.0100.png,/Users/kobe/workspace/ARMAC/M1/computer_vision/Documents for autofocusing app/pollen.spd3/pollen.spd3.0100.png,10.755000000000077,155.75498579658947
pollen.spd3,tenengrad_variance,1,98,pollen.spd3.0098.png,/Users/kobe/workspace/ARMAC/M1/computer_vision/Documents for autofocusing app/pollen.spd3/pollen.spd3.0098.png,10.745000000000076,8523.813681938003
pollen.spd3,tenengrad_variance,2,99,pollen.spd3.0099.png,/Users/kobe/workspace/ARMAC/M1/computer_vision/Documents for autofocusing app/pollen.spd3/pollen.spd3.0099.png,10.750000000000076,8444.631399494676
pollen.spd3,tenengrad_variance,3,100,pollen.spd3.0100.png,/Users/kobe/workspace/ARMAC/M1/computer_vision/Documents for autofocusing app/pollen.spd3/pollen.spd3.0100.png,10.755000000000077,8341.572387061196
pollen.spd5,normalized_variance,1,98,pollen.spd5.0098.png,/Users/kobe/workspace/ARMAC/M1/computer_vision/Documents for autofocusing app/pollen.spd5/pollen.spd5.0098.png,10.745000000000076,16.858515916131967
pollen.spd5,normalized_variance,2,97,pollen.spd5.0097.png,/Users/kobe/workspace/ARMAC/M1/computer_vision/Documents for autofocusing app/pollen.spd5/pollen.spd5.0097.png,10.740000000000075,16.77809277135455
pollen.spd5,normalized_variance,3,99,pollen.spd5.0099.png,/Users/kobe/workspace/ARMAC/M1/computer_vision/Documents for autofocusing app/pollen.spd5/pollen.spd5.0099.png,10.750000000000076,16.723598706258393
pollen.spd5,squared_gradient,1,98,pollen.spd5.0098.png,/Users/kobe/workspace/ARMAC/M1/computer_vision/Documents for autofocusing app/pollen.spd5/pollen.spd5.0098.png,10.745000000000076,569.1109851030466
pollen.spd5,squared_gradient,2,99,pollen.spd5.0099.png,/Users/kobe/workspace/ARMAC/M1/computer_vision/Documents for autofocusing app/pollen.spd5/pollen.spd5.0099.png,10.750000000000076,562.0274786677256
pollen.spd5,squared_gradient,3,97,pollen.spd5.0097.png,/Users/kobe/workspace/ARMAC/M1/computer_vision/Documents for autofocusing app/pollen.spd5/pollen.spd5.0097.png,10.740000000000075,554.8110986375856
pollen.spd5,brenner,1,98,pollen.spd5.0098.png,/Users/kobe/workspace/ARMAC/M1/computer_vision/Documents for autofocusing app/pollen.spd5/pollen.spd5.0098.png,10.745000000000076,26.329229604941293
pollen.spd5,brenner,2,97,pollen.spd5.0097.png,/Users/kobe/workspace/ARMAC/M1/computer_vision/Documents for autofocusing app/pollen.spd5/pollen.spd5.0097.png,10.740000000000075,26.10975594218852
pollen.spd5,brenner,3,99,pollen.spd5.0099.png,/Users/kobe/workspace/ARMAC/M1/computer_vision/Documents for autofocusing app/pollen.spd5/pollen.spd5.0099.png,10.750000000000076,26.094172985975213
pollen.spd5,brenner_squared,1,98,pollen.spd5.0098.png,/Users/kobe/workspace/ARMAC/M1/computer_vision/Documents for autofocusing app/pollen.spd5/pollen.spd5.0098.png,10.745000000000076,1302.570724019488
pollen.spd5,brenner_squared,2,97,pollen.spd5.0097.png,/Users/kobe/workspace/ARMAC/M1/computer_vision/Documents for autofocusing app/pollen.spd5/pollen.spd5.0097.png,10.740000000000075,1281.9178782921558
pollen.spd5,brenner_squared,3,99,pollen.spd5.0099.png,/Users/kobe/workspace/ARMAC/M1/computer_vision/Documents for autofocusing app/pollen.spd5/pollen.spd5.0099.png,10.750000000000076,1279.9016200872472
pollen.spd5,laplacian_variance,1,97,pollen.spd5.0097.png,/Users/kobe/workspace/ARMAC/M1/computer_vision/Documents for autofocusing app/pollen.spd5/pollen.spd5.0097.png,10.740000000000075,36834.58830275138
pollen.spd5,laplacian_variance,2,98,pollen.spd5.0098.png,/Users/kobe/workspace/ARMAC/M1/computer_vision/Documents for autofocusing app/pollen.spd5/pollen.spd5.0098.png,10.745000000000076,36075.317368648844
pollen.spd5,laplacian_variance,3,96,pollen.spd5.0096.png,/Users/kobe/workspace/ARMAC/M1/computer_vision/Documents for autofocusing app/pollen.spd5/pollen.spd5.0096.png,10.735000000000074,35726.916147542484
pollen.spd5,tenengrad,1,98,pollen.spd5.0098.png,/Users/kobe/workspace/ARMAC/M1/computer_vision/Documents for autofocusing app/pollen.spd5/pollen.spd5.0098.png,10.745000000000076,23342.753092447918
pollen.spd5,tenengrad,2,99,pollen.spd5.0099.png,/Users/kobe/workspace/ARMAC/M1/computer_vision/Documents for autofocusing app/pollen.spd5/pollen.spd5.0099.png,10.750000000000076,23160.80256144206
pollen.spd5,tenengrad,3,97,pollen.spd5.0097.png,/Users/kobe/workspace/ARMAC/M1/computer_vision/Documents for autofocusing app/pollen.spd5/pollen.spd5.0097.png,10.740000000000075,22973.545051574707
pollen.spd5,entropy,1,98,pollen.spd5.0098.png,/Users/kobe/workspace/ARMAC/M1/computer_vision/Documents for autofocusing app/pollen.spd5/pollen.spd5.0098.png,10.745000000000076,7.394041671881041
pollen.spd5,entropy,2,97,pollen.spd5.0097.png,/Users/kobe/workspace/ARMAC/M1/computer_vision/Documents for autofocusing app/pollen.spd5/pollen.spd5.0097.png,10.740000000000075,7.392049645968378
pollen.spd5,entropy,3,99,pollen.spd5.0099.png,/Users/kobe/workspace/ARMAC/M1/computer_vision/Documents for autofocusing app/pollen.spd5/pollen.spd5.0099.png,10.750000000000076,7.386284309231962
pollen.spd5,autocorrelation,1,98,pollen.spd5.0098.png,/Users/kobe/workspace/ARMAC/M1/computer_vision/Documents for autofocusing app/pollen.spd5/pollen.spd5.0098.png,10.745000000000076,383.4548207660633
pollen.spd5,autocorrelation,2,97,pollen.spd5.0097.png,/Users/kobe/workspace/ARMAC/M1/computer_vision/Documents for autofocusing app/pollen.spd5/pollen.spd5.0097.png,10.740000000000075,380.2339825913242
pollen.spd5,autocorrelation,3,99,pollen.spd5.0099.png,/Users/kobe/workspace/ARMAC/M1/computer_vision/Documents for autofocusing app/pollen.spd5/pollen.spd5.0099.png,10.750000000000076,375.6706875815395
pollen.spd5,wavelet1,1,98,pollen.spd5.0098.png,/Users/kobe/workspace/ARMAC/M1/computer_vision/Documents for autofocusing app/pollen.spd5/pollen.spd5.0098.png,10.745000000000076,43.67005157470703
pollen.spd5,wavelet1,2,97,pollen.spd5.0097.png,/Users/kobe/workspace/ARMAC/M1/computer_vision/Documents for autofocusing app/pollen.spd5/pollen.spd5.0097.png,10.740000000000075,43.54130045572917
pollen.spd5,wavelet1,3,99,pollen.spd5.0099.png,/Users/kobe/workspace/ARMAC/M1/computer_vision/Documents for autofocusing app/pollen.spd5/pollen.spd5.0099.png,10.750000000000076,42.801900227864586
pollen.spd5,wavelet2,1,97,pollen.spd5.0097.png,/Users/kobe/workspace/ARMAC/M1/computer_vision/Documents for autofocusing app/pollen.spd5/pollen.spd5.0097.png,10.740000000000075,578.4803268164396
pollen.spd5,wavelet2,2,98,pollen.spd5.0098.png,/Users/kobe/workspace/ARMAC/M1/computer_vision/Documents for autofocusing app/pollen.spd5/pollen.spd5.0098.png,10.745000000000076,570.7753285686291
pollen.spd5,wavelet2,3,96,pollen.spd5.0096.png,/Users/kobe/workspace/ARMAC/M1/computer_vision/Documents for autofocusing app/pollen.spd5/pollen.spd5.0096.png,10.735000000000074,563.7426641007381
pollen.spd5,modified_laplacian,1,97,pollen.spd5.0097.png,/Users/kobe/workspace/ARMAC/M1/computer_vision/Documents for autofocusing app/pollen.spd5/pollen.spd5.0097.png,10.740000000000075,60.06977208455404
pollen.spd5,modified_laplacian,2,98,pollen.spd5.0098.png,/Users/kobe/workspace/ARMAC/M1/computer_vision/Documents for autofocusing app/pollen.spd5/pollen.spd5.0098.png,10.745000000000076,60.01446787516276
pollen.spd5,modified_laplacian,3,96,pollen.spd5.0096.png,/Users/kobe/workspace/ARMAC/M1/computer_vision/Documents for autofocusing app/pollen.spd5/pollen.spd5.0096.png,10.735000000000074,58.498095194498696
pollen.spd5,gaussian_derivative,1,99,pollen.spd5.0099.png,/Users/kobe/workspace/ARMAC/M1/computer_vision/Documents for autofocusing app/pollen.spd5/pollen.spd5.0099.png,10.750000000000076,134.3803077392496
pollen.spd5,gaussian_derivative,2,100,pollen.spd5.0100.png,/Users/kobe/workspace/ARMAC/M1/computer_vision/Documents for autofocusing app/pollen.spd5/pollen.spd5.0100.png,10.755000000000077,133.5427529774821
pollen.spd5,gaussian_derivative,3,98,pollen.spd5.0098.png,/Users/kobe/workspace/ARMAC/M1/computer_vision/Documents for autofocusing app/pollen.spd5/pollen.spd5.0098.png,10.745000000000076,133.16355612339555
pollen.spd5,tenengrad_variance,1,98,pollen.spd5.0098.png,/Users/kobe/workspace/ARMAC/M1/computer_vision/Documents for autofocusing app/pollen.spd5/pollen.spd5.0098.png,10.745000000000076,8386.599905485253
pollen.spd5,tenengrad_variance,2,99,pollen.spd5.0099.png,/Users/kobe/workspace/ARMAC/M1/computer_vision/Documents for autofocusing app/pollen.spd5/pollen.spd5.0099.png,10.750000000000076,8367.423716437805
pollen.spd5,tenengrad_variance,3,97,pollen.spd5.0097.png,/Users/kobe/workspace/ARMAC/M1/computer_vision/Documents for autofocusing app/pollen.spd5/pollen.spd5.0097.png,10.740000000000075,8265.776607077472
