dataset,method,coarse_image,sequence_1_based,coarse_mm,focus,fine_mm,fit_r_squared,global_correction
pollen.spd1,normalized_variance,pollen.spd1.0100.png,100,10.755000000000077,23.11412637018735,10.752305440047783,0.9480705433814781,False
pollen.spd1,squared_gradient,pollen.spd1.0097.png,97,10.740000000000075,1126.4410231345714,,0.7562424435102573,True
pollen.spd1,brenner,pollen.spd1.0097.png,97,10.740000000000075,40.55490408920417,10.743679756925305,0.6804073517471775,True
pollen.spd1,brenner_squared,pollen.spd1.0097.png,97,10.740000000000075,2664.9835494129156,10.743738034768535,0.6863429498211386,True
pollen.spd1,laplacian_variance,pollen.spd1.0098.png,98,10.745000000000076,107342.65742494275,10.748049256526583,0.9658765742071009,True
pollen.spd1,tenengrad,pollen.spd1.0100.png,100,10.755000000000077,47035.40158589681,10.752822351618777,0.9599565079818831,True
pollen.spd1,entropy,pollen.spd1.0097.png,97,10.740000000000075,7.613814594556415,,0.9208487116013162,True
pollen.spd1,autocorrelation,pollen.spd1.0097.png,97,10.740000000000075,787.1273060379974,10.738130568088641,0.5647588747909218,True
pollen.spd1,wavelet1,pollen.spd1.0097.png,97,10.740000000000075,72.28006490071616,,0.7827657692317361,True
pollen.spd1,wavelet2,pollen.spd1.0097.png,97,10.740000000000075,1211.3813055735857,,0.8190363458571289,True
pollen.spd1,rank_consensus,pollen.spd1.0097.png,97,10.740000000000075,0.9964646464646464,,0.9407046642107959,True
pollen.spd2,normalized_variance,pollen.spd2.0099.png,99,10.750000000000076,21.11284479329161,10.745985207783978,0.9216729174632957,True
pollen.spd2,squared_gradient,pollen.spd2.0099.png,99,10.750000000000076,1040.9033798163082,10.74832012632665,0.9903848879617889,True
pollen.spd2,brenner,pollen.spd2.0099.png,99,10.750000000000076,37.52527978228963,10.747477949663269,0.9651239625224897,True
pollen.spd2,brenner_squared,pollen.spd2.0099.png,99,10.750000000000076,2311.6349656515004,10.74830749946401,0.970072651013805,True
pollen.spd2,laplacian_variance,pollen.spd2.0097.png,97,10.740000000000075,76704.99032480476,10.741143568799886,0.9401884152260147,True
pollen.spd2,tenengrad,pollen.spd2.0099.png,99,10.750000000000076,37565.73886617025,10.74835877411362,0.9775109483869159,True
pollen.spd2,entropy,pollen.spd2.0097.png,97,10.740000000000075,7.561296494581194,10.740065073553392,0.5233764710120393,True
pollen.spd2,autocorrelation,pollen.spd2.0099.png,99,10.750000000000076,652.7272746962655,10.748340488954792,0.9573935341853054,True
pollen.spd2,wavelet1,pollen.spd2.0098.png,98,10.745000000000076,65.05865478515625,10.74359406637952,0.9961050623604195,True
pollen.spd2,wavelet2,pollen.spd2.0098.png,98,10.745000000000076,970.4827260967447,10.74243763518624,0.8911614294777069,True
pollen.spd2,rank_consensus,pollen.spd2.0099.png,99,10.750000000000076,0.994949494949495,10.746011627907052,0.9866686865626403,True
pollen.spd3,normalized_variance,pollen.spd3.0098.png,98,10.745000000000076,19.1895485076802,10.744481574317101,0.9436971842896407,False
pollen.spd3,squared_gradient,pollen.spd3.0098.png,98,10.745000000000076,884.5250985153959,10.7473629080077,0.9927628708538349,True
pollen.spd3,brenner,pollen.spd3.0098.png,98,10.745000000000076,32.90490842098826,10.745944076372345,0.9949918708332403,False
pollen.spd3,brenner_squared,pollen.spd3.0098.png,98,10.745000000000076,1815.349986495026,10.746350779122544,0.9954946516635481,False
pollen.spd3,laplacian_variance,pollen.spd3.0097.png,97,10.740000000000075,57637.92336745031,10.740753624621748,0.9984992539197585,True
pollen.spd3,tenengrad,pollen.spd3.0098.png,98,10.745000000000076,30088.605806986492,10.746362711057515,0.9932067101671883,False
pollen.spd3,entropy,pollen.spd3.0098.png,98,10.745000000000076,7.502065922655709,10.741434763140669,0.9778229939905105,False
pollen.spd3,autocorrelation,pollen.spd3.0098.png,98,10.745000000000076,482.43885941576974,10.74547874668408,0.9842100059700927,False
pollen.spd3,wavelet1,pollen.spd3.0098.png,98,10.745000000000076,57.594983418782554,10.742986007402193,0.9918614136706394,True
pollen.spd3,wavelet2,pollen.spd3.0097.png,97,10.740000000000075,771.9874511475274,10.742154445289929,0.9988986099797387,True
pollen.spd3,rank_consensus,pollen.spd3.0098.png,98,10.745000000000076,0.998989898989899,10.744580000000076,0.95477687930518,True
pollen.spd5,normalized_variance,pollen.spd5.0098.png,98,10.745000000000076,16.858515916131967,10.744542643071384,0.985462442836416,False
pollen.spd5,squared_gradient,pollen.spd5.0098.png,98,10.745000000000076,569.1109851030466,10.746192734882447,0.9978419225694259,True
pollen.spd5,brenner,pollen.spd5.0098.png,98,10.745000000000076,26.329229604941293,10.745480614816255,0.9902304959477878,True
pollen.spd5,brenner_squared,pollen.spd5.0098.png,98,10.745000000000076,1302.570724019488,10.745268566964866,0.9949286420017123,True
pollen.spd5,laplacian_variance,pollen.spd5.0097.png,97,10.740000000000075,36834.58830275138,10.740772729775085,0.9977740912755984,True
pollen.spd5,tenengrad,pollen.spd5.0098.png,98,10.745000000000076,23342.753092447918,10.746030894418853,0.9991680436874878,False
pollen.spd5,entropy,pollen.spd5.0098.png,98,10.745000000000076,7.394041671881041,10.743203232917796,0.9898980940391648,False
pollen.spd5,autocorrelation,pollen.spd5.0098.png,98,10.745000000000076,383.4548207660633,10.744344459819192,0.9916576938229614,False
pollen.spd5,wavelet1,pollen.spd5.0098.png,98,10.745000000000076,43.67005157470703,10.743329466153348,0.9931774332663573,False
pollen.spd5,wavelet2,pollen.spd5.0097.png,97,10.740000000000075,578.4803268164396,10.741118952817638,0.9948002542867225,True
pollen.spd5,rank_consensus,pollen.spd5.0098.png,98,10.745000000000076,0.998989898989899,10.744273584905736,0.9548602205693744,False
